state,year,quarter,apples_acres_bearing_weighted,avocados_acres_bearing_weighted,pears_acres_bearing_weighted,cucumbers_acres_planted_weighted,honey_production_in_lb_weighted,sunflower_acres_planted_weighted,squash_acres_planted_weighted
Alabama,2002,1,57,0,9,0,352491,0,0
Alabama,2002,2,231,0,39,0,1409965,0,0
Alabama,2002,3,77,0,13,0,469988,0,0
Alabama,2002,4,19,0,3,0,117497,0,0
Alabama,2007,1,46,0,13,0,195340,0,0
Alabama,2007,2,184,0,52,0,781363,0,0
Alabama,2007,3,61,0,17,0,260454,0,0
Alabama,2007,4,15,0,4,0,65113,0,0
Alabama,2012,1,24,0,10,0,126758,0,0
Alabama,2012,2,96,0,40,0,507032,0,0
Alabama,2012,3,32,0,13,0,169010,0,0
Alabama,2012,4,8,0,3,0,42252,0,0
Alabama,2017,1,31,0,34,840,104412,0,0
Alabama,2017,2,125,0,138,3360,417651,0,0
Alabama,2017,3,41,0,46,1120,139217,0,0
Alabama,2017,4,10,0,11,280,34804,0,0
Alabama,2022,1,48,0,13,0,140325,0,0
Alabama,2022,2,195,0,54,0,561300,0,0
Alabama,2022,3,65,0,18,0,187100,0,0
Alabama,2022,4,16,0,4,0,46775,0,0
Alaska,2002,1,0,0,0,0,700,0,0
Alaska,2002,2,0,0,0,0,2800,0,0
Alaska,2002,3,0,0,0,0,933,0,0
Alaska,2002,4,0,0,0,0,233,0,0
Alaska,2007,1,0,0,0,0,1945,0,0
Alaska,2007,2,0,0,0,0,7780,0,0
Alaska,2007,3,0,0,0,0,2593,0,0
Alaska,2007,4,0,0,0,0,648,0,0
Alaska,2012,1,0,0,0,0,4893,0,0
Alaska,2012,2,0,0,0,0,19573,0,0
Alaska,2012,3,0,0,0,0,6524,0,0
Alaska,2012,4,0,0,0,0,1631,0,0
Alaska,2017,1,1,0,0,0,4660,0,0
Alaska,2017,2,7,0,0,0,18642,0,0
Alaska,2017,3,2,0,0,0,6214,0,0
Alaska,2017,4,0,0,0,0,1553,0,0
Alaska,2022,1,4,0,0,0,4273,0,0
Alaska,2022,2,16,0,0,0,17094,0,0
Alaska,2022,3,5,0,0,0,5698,0,0
Alaska,2022,4,1,0,0,0,1424,0,0
Arizona,2002,1,218,0,4,0,559673,0,0
Arizona,2002,2,875,0,16,0,2238693,0,0
Arizona,2002,3,291,0,5,0,746231,0,0
Arizona,2002,4,72,0,1,0,186557,0,0
Arizona,2007,1,367,0,6,0,558349,0,0
Arizona,2007,2,1469,0,24,0,2233397,0,0
Arizona,2007,3,489,0,8,0,744465,0,0
Arizona,2007,4,122,0,2,0,186116,0,0
Arizona,2008,1,180,0,0,0,240000,0,0
Arizona,2008,2,720,0,0,0,960000,0,0
Arizona,2008,3,240,0,0,0,320000,0,0
Arizona,2008,4,60,0,0,0,80000,0,0
Arizona,2009,1,180,0,0,0,156000,0,0
Arizona,2009,2,720,0,0,0,624000,0,0
Arizona,2009,3,240,0,0,0,208000,0,0
Arizona,2009,4,60,0,0,0,52000,0,0
Arizona,2010,1,180,0,0,0,277200,0,0
Arizona,2010,2,720,0,0,0,1108800,0,0
Arizona,2010,3,240,0,0,0,369600,0,0
Arizona,2010,4,60,0,0,0,92400,0,0
Arizona,2011,1,180,0,0,0,182850,0,0
Arizona,2011,2,720,0,0,0,731400,0,0
Arizona,2011,3,240,0,0,0,243800,0,0
Arizona,2011,4,60,0,0,0,60950,0,0
Arizona,2012,1,322,0,4,0,424695,0,0
Arizona,2012,2,1290,0,19,0,1698780,0,0
Arizona,2012,3,430,0,6,0,566260,0,0
Arizona,2012,4,107,0,1,0,141565,0,0
Arizona,2013,1,150,0,0,0,156600,0,0
Arizona,2013,2,600,0,0,0,626400,0,0
Arizona,2013,3,200,0,0,0,208800,0,0
Arizona,2013,4,50,0,0,0,52200,0,0
Arizona,2014,1,150,0,0,0,152100,0,0
Arizona,2014,2,600,0,0,0,608400,0,0
Arizona,2014,3,200,0,0,0,202800,0,0
Arizona,2014,4,50,0,0,0,50700,0,0
Arizona,2015,1,0,0,0,0,191100,0,0
Arizona,2015,2,0,0,0,0,764400,0,0
Arizona,2015,3,0,0,0,0,254800,0,0
Arizona,2015,4,0,0,0,0,63700,0,0
Arizona,2016,1,0,0,0,0,186300,0,0
Arizona,2016,2,0,0,0,0,745200,0,0
Arizona,2016,3,0,0,0,0,248400,0,0
Arizona,2016,4,0,0,0,0,62100,0,0
Arizona,2017,1,73,0,6,0,310736,0,0
Arizona,2017,2,294,0,26,0,1242945,0,0
Arizona,2017,3,98,0,8,0,414315,0,0
Arizona,2017,4,24,0,2,0,103578,0,0
Arizona,2022,1,0,0,6,0,384000,0,0
Arizona,2022,2,0,0,24,0,1536001,0,0
Arizona,2022,3,0,0,8,0,512000,0,0
Arizona,2022,4,0,0,2,0,128000,0,0
Arkansas,2002,1,84,0,9,0,1054281,0,0
Arkansas,2002,2,336,0,38,0,4217125,0,0
Arkansas,2002,3,112,0,12,0,1405708,0,0
Arkansas,2002,4,28,0,3,0,351427,0,0
Arkansas,2007,1,33,0,7,0,693195,0,0
Arkansas,2007,2,132,0,30,0,2772780,0,0
Arkansas,2007,3,44,0,10,0,924260,0,0
Arkansas,2007,4,11,0,2,0,231065,0,0
Arkansas,2012,1,23,0,3,0,459597,0,0
Arkansas,2012,2,94,0,12,0,1838391,0,0
Arkansas,2012,3,31,0,4,0,612797,0,0
Arkansas,2012,4,7,0,1,0,153199,0,0
Arkansas,2017,1,24,0,2,0,612133,0,0
Arkansas,2017,2,99,0,11,0,2448533,0,0
Arkansas,2017,3,33,0,3,0,816177,0,0
Arkansas,2017,4,8,0,0,0,204044,0,0
Arkansas,2022,1,30,0,6,0,322488,0,0
Arkansas,2022,2,120,0,25,0,1289953,0,0
Arkansas,2022,3,40,0,8,0,429984,0,0
Arkansas,2022,4,10,0,2,0,107496,0,0
California,2002,1,5378,8889,2827,0,5970492,0,1185
California,2002,2,21513,35557,11311,0,23881968,0,4740
California,2002,3,7171,11852,3770,0,7960656,0,1580
California,2002,4,1792,2963,942,0,1990164,0,395
California,2007,1,6218,19717,4472,0,4298882,0,870
California,2007,2,24872,78871,17890,0,17195528,0,3480
California,2007,3,8290,26290,5963,0,5731842,0,1160
California,2007,4,2072,6572,1490,0,1432960,0,290
California,2008,1,2925,9750,2250,0,2754000,0,855
California,2008,2,11700,39000,9000,0,11016000,0,3420
California,2008,3,3900,13000,3000,0,3672000,0,1140
California,2008,4,975,3250,750,0,918000,0,285
California,2009,1,2850,8775,2100,0,1757250,6300,885
California,2009,2,11400,35100,8400,0,7029000,25200,3540
California,2009,3,3800,11700,2800,0,2343000,8400,1180
California,2009,4,950,2925,700,0,585750,2100,295
California,2010,1,2700,7830,2100,0,4120500,5100,1020
California,2010,2,10800,31320,8400,0,16482000,20400,4080
California,2010,3,3600,10440,2800,0,5494000,6800,1360
California,2010,4,900,2610,700,0,1373500,1700,340
California,2011,1,2625,7830,2100,0,2664000,6600,990
California,2011,2,10500,31320,8400,0,10656000,26400,3960
California,2011,3,3500,10440,2800,0,3552000,8800,1320
California,2011,4,875,2610,700,0,888000,2200,330
California,2012,1,4798,7803,3434,0,3545797,14520,930
California,2012,2,19192,31215,13738,0,14183191,58080,3720
California,2012,3,6397,10405,4579,0,4727730,19360,1240
California,2012,4,1599,2601,1144,0,1181932,4840,310
California,2013,1,2280,8070,1635,0,1633500,25350,1035
California,2013,2,9120,32280,6540,0,6534000,101400,4140
California,2013,3,3040,10760,2180,0,2178000,33800,1380
California,2013,4,760,2690,545,0,544500,8450,345
California,2014,1,2175,7725,1560,0,1872000,16425,825
California,2014,2,8700,30900,6240,0,7488000,65700,3300
California,2014,3,2900,10300,2080,0,2496000,21900,1100
California,2014,4,725,2575,520,0,624000,5475,275
California,2015,1,2025,7800,1560,0,1237500,11760,840
California,2015,2,8100,31200,6240,0,4950000,47040,3360
California,2015,3,2700,10400,2080,0,1650000,15680,1120
California,2015,4,675,2600,520,0,412500,3920,280
California,2016,1,2100,7635,1560,1260,1674000,13500,1185
California,2016,2,8400,30540,6240,5040,6696000,54000,4740
California,2016,3,2800,10180,2080,1680,2232000,18000,1580
California,2016,4,700,2545,520,420,558000,4500,395
California,2017,1,3780,15444,3131,1230,4332609,14745,1170
California,2017,2,15120,61777,12526,4920,17330436,58980,4680
California,2017,3,5040,20592,4175,1640,5776812,19660,1560
California,2017,4,1260,5148,1043,410,1444203,4915,390
California,2018,1,1860,7500,1530,1215,2060250,34800,1035
California,2018,2,7440,30000,6120,4860,8241000,139200,4140
California,2018,3,2480,10000,2040,1620,2747000,46400,1380
California,2018,4,620,2500,510,405,686750,11600,345
California,2019,1,1920,7080,1545,1020,2412000,31680,1110
California,2019,2,7680,28320,6180,4080,9648000,126720,4440
California,2019,3,2560,9440,2060,1360,3216000,42240,1480
California,2019,4,640,2360,515,340,804000,10560,370
California,2020,1,1800,6915,1575,1050,2064000,28365,1065
California,2020,2,7200,27660,6300,4200,8256000,113460,4260
California,2020,3,2400,9220,2100,1400,2752000,37820,1420
California,2020,4,600,2305,525,350,688000,9455,355
California,2021,1,1575,7095,1440,1125,1435500,27000,1005
California,2021,2,6300,28380,5760,4500,5742000,108000,4020
California,2021,3,2100,9460,1920,1500,1914000,36000,1340
California,2021,4,525,2365,480,375,478500,9000,335
California,2022,1,2950,13900,2652,1095,6013856,21750,945
California,2022,2,11802,55602,10609,4380,24055427,87000,3780
California,2022,3,3934,18534,3536,1460,8018475,29000,1260
California,2022,4,983,4633,884,365,2004618,7250,315
California,2023,1,1530,7140,1275,1050,2047500,18300,945
California,2023,2,6120,28560,5100,4200,8190000,73200,3780
California,2023,3,2040,9520,1700,1400,2730000,24400,1260
California,2023,4,510,2380,425,350,682500,6100,315
Colorado,2002,1,283,0,44,0,455294,19500,0
Colorado,2002,2,1135,0,178,0,1821178,78000,0
Colorado,2002,3,378,0,59,0,607059,26000,0
Colorado,2002,4,94,0,14,0,151764,6500,0
Colorado,2007,1,497,0,44,0,467984,17850,0
Colorado,2007,2,1991,0,176,0,1871936,71400,0
Colorado,2007,3,663,0,58,0,623978,23800,0
Colorado,2007,4,165,0,14,0,155994,5950,0
Colorado,2008,1,210,0,0,0,182250,29100,0
Colorado,2008,2,840,0,0,0,729000,116400,0
Colorado,2008,3,280,0,0,0,243000,38800,0
Colorado,2008,4,70,0,0,0,60750,9700,0
Colorado,2009,1,225,0,0,0,222600,13650,0
Colorado,2009,2,900,0,0,0,890400,54600,0
Colorado,2009,3,300,0,0,0,296800,18200,0
Colorado,2009,4,75,0,0,0,74200,4550,0
Colorado,2010,1,210,0,0,0,285600,19800,0
Colorado,2010,2,840,0,0,0,1142400,79200,0
Colorado,2010,3,280,0,0,0,380800,26400,0
Colorado,2010,4,70,0,0,0,95200,6600,0
Colorado,2011,1,195,0,0,0,255750,19200,0
Colorado,2011,2,780,0,0,0,1023000,76800,0
Colorado,2011,3,260,0,0,0,341000,25600,0
Colorado,2011,4,65,0,0,0,85250,6400,0
Colorado,2012,1,350,0,32,0,370686,32550,0
Colorado,2012,2,1401,0,129,0,1482745,130200,0
Colorado,2012,3,467,0,43,0,494248,43400,0
Colorado,2012,4,116,0,10,0,123562,10850,0
Colorado,2013,1,180,0,0,0,167700,30150,0
Colorado,2013,2,720,0,0,0,670800,120600,0
Colorado,2013,3,240,0,0,0,223600,40200,0
Colorado,2013,4,60,0,0,0,55900,10050,0
Colorado,2014,1,180,0,0,0,149850,14925,0
Colorado,2014,2,720,0,0,0,599400,59700,0
Colorado,2014,3,240,0,0,0,199800,19900,0
Colorado,2014,4,60,0,0,0,49950,4975,0
Colorado,2015,1,0,0,0,0,221850,19050,0
Colorado,2015,2,0,0,0,0,887400,76200,0
Colorado,2015,3,0,0,0,0,295800,25400,0
Colorado,2015,4,0,0,0,0,73950,6350,0
Colorado,2016,1,0,0,0,0,192000,18450,0
Colorado,2016,2,0,0,0,0,768000,73800,0
Colorado,2016,3,0,0,0,0,256000,24600,0
Colorado,2016,4,0,0,0,0,64000,6150,0
Colorado,2017,1,181,0,22,0,428836,25950,0
Colorado,2017,2,724,0,91,0,1715347,103800,0
Colorado,2017,3,241,0,30,0,571782,34600,0
Colorado,2017,4,60,0,7,0,142945,8650,0
Colorado,2022,1,161,0,25,0,386838,37350,0
Colorado,2022,2,645,0,103,0,1547353,149400,0
Colorado,2022,3,215,0,34,0,515784,49800,0
Colorado,2022,4,53,0,8,0,128946,12450,0
Connecticut,2002,1,316,0,33,0,19797,0,0
Connecticut,2002,2,1267,0,132,0,79189,0,0
Connecticut,2002,3,422,0,44,0,26396,0,0
Connecticut,2002,4,105,0,11,0,6599,0,0
Connecticut,2007,1,658,0,25,0,21463,0,0
Connecticut,2007,2,2634,0,100,0,85855,0,0
Connecticut,2007,3,878,0,33,0,28618,0,0
Connecticut,2007,4,219,0,8,0,7154,0,0
Connecticut,2008,1,330,0,0,0,0,0,0
Connecticut,2008,2,1320,0,0,0,0,0,0
Connecticut,2008,3,440,0,0,0,0,0,0
Connecticut,2008,4,110,0,0,0,0,0,0
Connecticut,2009,1,330,0,0,0,0,0,0
Connecticut,2009,2,1320,0,0,0,0,0,0
Connecticut,2009,3,440,0,0,0,0,0,0
Connecticut,2009,4,110,0,0,0,0,0,0
Connecticut,2010,1,315,0,0,0,0,0,0
Connecticut,2010,2,1260,0,0,0,0,0,0
Connecticut,2010,3,420,0,0,0,0,0,0
Connecticut,2010,4,105,0,0,0,0,0,0
Connecticut,2011,1,300,0,0,0,0,0,0
Connecticut,2011,2,1200,0,0,0,0,0,0
Connecticut,2011,3,400,0,0,0,0,0,0
Connecticut,2011,4,100,0,0,0,0,0,0
Connecticut,2012,1,565,0,25,0,23398,0,0
Connecticut,2012,2,2262,0,100,0,93594,0,0
Connecticut,2012,3,754,0,33,0,31198,0,0
Connecticut,2012,4,188,0,8,0,7799,0,0
Connecticut,2013,1,300,0,0,0,0,0,0
Connecticut,2013,2,1200,0,0,0,0,0,0
Connecticut,2013,3,400,0,0,0,0,0,0
Connecticut,2013,4,100,0,0,0,0,0,0
Connecticut,2014,1,270,0,0,0,0,0,0
Connecticut,2014,2,1080,0,0,0,0,0,0
Connecticut,2014,3,360,0,0,0,0,0,0
Connecticut,2014,4,90,0,0,0,0,0,0
Connecticut,2015,1,270,0,0,0,0,0,0
Connecticut,2015,2,1080,0,0,0,0,0,0
Connecticut,2015,3,360,0,0,0,0,0,0
Connecticut,2015,4,90,0,0,0,0,0,0
Connecticut,2016,1,270,0,0,0,0,0,0
Connecticut,2016,2,1080,0,0,0,0,0,0
Connecticut,2016,3,360,0,0,0,0,0,0
Connecticut,2016,4,90,0,0,0,0,0,0
Connecticut,2017,1,545,0,12,0,29944,0,0
Connecticut,2017,2,2183,0,51,0,119778,0,0
Connecticut,2017,3,727,0,17,0,39926,0,0
Connecticut,2017,4,181,0,4,0,9981,0,0
Connecticut,2022,1,260,0,12,0,36049,0,0
Connecticut,2022,2,1042,0,48,0,144199,0,0
Connecticut,2022,3,347,0,16,0,48066,0,0
Connecticut,2022,4,86,0,4,0,12016,0,0
Delaware,2002,1,0,0,0,0,759,0,0
Delaware,2002,2,0,0,0,0,3039,0,0
Delaware,2002,3,0,0,0,0,1013,0,0
Delaware,2002,4,0,0,0,0,253,0,0
Delaware,2007,1,0,0,0,0,812,0,0
Delaware,2007,2,0,0,0,0,3248,0,0
Delaware,2007,3,0,0,0,0,1082,0,0
Delaware,2007,4,0,0,0,0,270,0,0
Delaware,2012,1,22,0,0,0,1059,0,0
Delaware,2012,2,90,0,3,0,4236,0,0
Delaware,2012,3,30,0,1,0,1412,0,0
Delaware,2012,4,7,0,0,0,353,0,0
Delaware,2017,1,0,0,0,0,653,0,0
Delaware,2017,2,0,0,0,0,2615,0,0
Delaware,2017,3,0,0,0,0,871,0,0
Delaware,2017,4,0,0,0,0,217,0,0
Delaware,2022,1,0,0,0,0,2208,0,0
Delaware,2022,2,0,0,1,0,8835,0,0
Delaware,2022,3,0,0,0,0,2945,0,0
Delaware,2022,4,0,0,0,0,736,0,0
Florida,2002,1,2,991,2,0,5700538,0,1560
Florida,2002,2,11,3965,10,0,22802154,0,6240
Florida,2002,3,3,1321,3,0,7600718,0,2080
Florida,2002,4,0,330,0,0,1900179,0,520
Florida,2007,1,6,2028,14,0,3302691,0,1200
Florida,2007,2,24,8113,56,0,13210767,0,4800
Florida,2007,3,8,2704,18,0,4403589,0,1600
Florida,2007,4,2,676,4,0,1100897,0,400
Florida,2012,1,7,1767,6,0,3524643,0,1080
Florida,2012,2,28,7068,24,0,14098575,0,4320
Florida,2012,3,9,2356,8,0,4699525,0,1440
Florida,2012,4,2,589,2,0,1174881,0,360
Florida,2017,1,7,1770,0,3900,2756307,0,1170
Florida,2017,2,30,7080,0,15600,11025228,0,4680
Florida,2017,3,10,2360,0,5200,3675076,0,1560
Florida,2017,4,2,590,0,1300,918769,0,390
Florida,2022,1,2,1314,9,3600,3281400,0,1590
Florida,2022,2,10,5257,37,14400,13125600,0,6360
Florida,2022,3,3,1752,12,4800,4375200,0,2120
Florida,2022,4,0,438,3,1200,1093800,0,530
Georgia,2002,1,155,0,23,0,739904,0,1365
Georgia,2002,2,623,0,94,0,2959616,0,5460
Georgia,2002,3,207,0,31,0,986538,0,1820
Georgia,2002,4,51,0,7,0,246634,0,455
Georgia,2007,1,180,0,57,0,1036794,0,780
Georgia,2007,2,720,0,229,0,4147177,0,3120
Georgia,2007,3,240,0,76,0,1382392,0,1040
Georgia,2007,4,60,0,19,0,345598,0,260
Georgia,2008,1,90,0,0,0,692250,0,780
Georgia,2008,2,360,0,0,0,2769000,0,3120
Georgia,2008,3,120,0,0,0,923000,0,1040
Georgia,2008,4,30,0,0,0,230750,0,260
Georgia,2009,1,0,0,0,0,399750,0,825
Georgia,2009,2,0,0,0,0,1599000,0,3300
Georgia,2009,3,0,0,0,0,533000,0,1100
Georgia,2009,4,0,0,0,0,133250,0,275
Georgia,2012,1,72,0,20,0,901322,0,435
Georgia,2012,2,291,0,81,0,3605290,0,1740
Georgia,2012,3,97,0,27,0,1201763,0,580
Georgia,2012,4,24,0,6,0,300440,0,145
Georgia,2017,1,83,0,15,1425,927440,0,495
Georgia,2017,2,334,0,61,5700,3709762,0,1980
Georgia,2017,3,111,0,20,1900,1236587,0,660
Georgia,2017,4,27,0,5,475,309146,0,165
Georgia,2022,1,0,0,18,930,1243636,0,705
Georgia,2022,2,0,0,75,3720,4974547,0,2820
Georgia,2022,3,0,0,25,1240,1658182,0,940
Georgia,2022,4,0,0,6,310,414545,0,235
Hawaii,2002,1,0,0,0,0,287720,0,0
Hawaii,2002,2,0,0,0,0,1150882,0,0
Hawaii,2002,3,0,0,0,0,383627,0,0
Hawaii,2002,4,0,0,0,0,95906,0,0
Hawaii,2007,1,0,162,0,0,275865,0,0
Hawaii,2007,2,1,651,0,0,1103462,0,0
Hawaii,2007,3,0,217,0,0,367820,0,0
Hawaii,2007,4,0,54,0,0,91955,0,0
Hawaii,2012,1,0,84,0,0,201244,0,0
Hawaii,2012,2,0,338,0,0,804976,0,0
Hawaii,2012,3,0,112,0,0,268325,0,0
Hawaii,2012,4,0,28,0,0,67081,0,0
Hawaii,2017,1,1,220,0,0,773566,0,0
Hawaii,2017,2,5,881,0,0,3094264,0,0
Hawaii,2017,3,1,293,0,0,1031421,0,0
Hawaii,2017,4,0,73,0,0,257855,0,0
Hawaii,2022,1,1,94,0,0,325581,0,0
Hawaii,2022,2,6,378,0,0,1302327,0,0
Hawaii,2022,3,2,126,0,0,434109,0,0
Hawaii,2022,4,0,31,0,0,108527,0,0
Idaho,2002,1,430,0,25,0,1583517,0,0
Idaho,2002,2,1721,0,103,0,6334068,0,0
Idaho,2002,3,573,0,34,0,2111356,0,0
Idaho,2002,4,143,0,8,0,527839,0,0
Idaho,2007,1,841,0,23,0,1128384,0,0
Idaho,2007,2,3364,0,94,0,4513536,0,0
Idaho,2007,3,1121,0,31,0,1504512,0,0
Idaho,2007,4,280,0,7,0,376128,0,0
Idaho,2008,1,390,0,0,0,540000,0,0
Idaho,2008,2,1560,0,0,0,2160000,0,0
Idaho,2008,3,520,0,0,0,720000,0,0
Idaho,2008,4,130,0,0,0,180000,0,0
Idaho,2009,1,390,0,0,0,710700,0,0
Idaho,2009,2,1560,0,0,0,2842800,0,0
Idaho,2009,3,520,0,0,0,947600,0,0
Idaho,2009,4,130,0,0,0,236900,0,0
Idaho,2010,1,390,0,0,0,392850,0,0
Idaho,2010,2,1560,0,0,0,1571400,0,0
Idaho,2010,3,520,0,0,0,523800,0,0
Idaho,2010,4,130,0,0,0,130950,0,0
Idaho,2011,1,390,0,0,0,469800,0,0
Idaho,2011,2,1560,0,0,0,1879200,0,0
Idaho,2011,3,520,0,0,0,626400,0,0
Idaho,2011,4,130,0,0,0,156600,0,0
Idaho,2012,1,770,0,22,0,855673,0,0
Idaho,2012,2,3082,0,90,0,3422695,0,0
Idaho,2012,3,1027,0,30,0,1140898,0,0
Idaho,2012,4,256,0,7,0,285224,0,0
Idaho,2013,1,405,0,0,0,398400,0,0
Idaho,2013,2,1620,0,0,0,1593600,0,0
Idaho,2013,3,540,0,0,0,531200,0,0
Idaho,2013,4,135,0,0,0,132800,0,0
Idaho,2014,1,360,0,0,0,510000,0,0
Idaho,2014,2,1440,0,0,0,2040000,0,0
Idaho,2014,3,480,0,0,0,680000,0,0
Idaho,2014,4,120,0,0,0,170000,0,0
Idaho,2015,1,345,0,0,0,427200,0,0
Idaho,2015,2,1380,0,0,0,1708800,0,0
Idaho,2015,3,460,0,0,0,569600,0,0
Idaho,2015,4,115,0,0,0,142400,0,0
Idaho,2016,1,330,0,0,0,494700,0,0
Idaho,2016,2,1320,0,0,0,1978800,0,0
Idaho,2016,3,440,0,0,0,659600,0,0
Idaho,2016,4,110,0,0,0,164900,0,0
Idaho,2017,1,606,0,21,0,1299259,0,0
Idaho,2017,2,2425,0,87,0,5197039,0,0
Idaho,2017,3,808,0,29,0,1732346,0,0
Idaho,2017,4,202,0,7,0,433086,0,0
Idaho,2022,1,254,0,26,0,1273328,0,0
Idaho,2022,2,1017,0,106,0,5093313,0,0
Idaho,2022,3,339,0,35,0,1697771,0,0
Idaho,2022,4,84,0,8,0,424442,0,0
Illinois,2002,1,484,0,4,0,144148,0,0
Illinois,2002,2,1938,0,18,0,576594,0,0
Illinois,2002,3,646,0,6,0,192198,0,0
Illinois,2002,4,161,0,1,0,48049,0,0
Illinois,2007,1,671,0,7,0,157080,0,0
Illinois,2007,2,2687,0,28,0,628321,0,0
Illinois,2007,3,895,0,9,0,209440,0,0
Illinois,2007,4,223,0,2,0,52360,0,0
Illinois,2008,1,375,0,0,0,67200,0,0
Illinois,2008,2,1500,0,0,0,268800,0,0
Illinois,2008,3,500,0,0,0,89600,0,0
Illinois,2008,4,125,0,0,0,22400,0,0
Illinois,2009,1,375,0,0,0,40800,0,0
Illinois,2009,2,1500,0,0,0,163200,0,0
Illinois,2009,3,500,0,0,0,54400,0,0
Illinois,2009,4,125,0,0,0,13600,0,0
Illinois,2010,1,330,0,0,0,55350,0,0
Illinois,2010,2,1320,0,0,0,221400,0,0
Illinois,2010,3,440,0,0,0,73800,0,0
Illinois,2010,4,110,0,0,0,18450,0,0
Illinois,2011,1,330,0,0,0,52500,0,0
Illinois,2011,2,1320,0,0,0,210000,0,0
Illinois,2011,3,440,0,0,0,70000,0,0
Illinois,2011,4,110,0,0,0,17500,0,0
Illinois,2012,1,587,0,11,0,129754,0,0
Illinois,2012,2,2350,0,44,0,519017,0,0
Illinois,2012,3,783,0,14,0,173005,0,0
Illinois,2012,4,195,0,3,0,43251,0,0
Illinois,2013,1,270,0,0,0,50400,0,0
Illinois,2013,2,1080,0,0,0,201600,0,0
Illinois,2013,3,360,0,0,0,67200,0,0
Illinois,2013,4,90,0,0,0,16800,0,0
Illinois,2014,1,270,0,0,0,58800,0,0
Illinois,2014,2,1080,0,0,0,235200,0,0
Illinois,2014,3,360,0,0,0,78400,0,0
Illinois,2014,4,90,0,0,0,19600,0,0
Illinois,2015,1,255,0,0,0,61200,0,0
Illinois,2015,2,1020,0,0,0,244800,0,0
Illinois,2015,3,340,0,0,0,81600,0,0
Illinois,2015,4,85,0,0,0,20400,0,0
Illinois,2016,1,255,0,0,0,72000,0,0
Illinois,2016,2,1020,0,0,0,288000,0,0
Illinois,2016,3,340,0,0,0,96000,0,0
Illinois,2016,4,85,0,0,0,24000,0,0
Illinois,2017,1,518,0,23,0,148879,0,0
Illinois,2017,2,2075,0,95,0,595519,0,0
Illinois,2017,3,691,0,31,0,198506,0,0
Illinois,2017,4,172,0,7,0,49626,0,0
Illinois,2022,1,249,0,12,0,191076,0,0
Illinois,2022,2,996,0,49,0,764307,0,0
Illinois,2022,3,332,0,16,0,254769,0,0
Illinois,2022,4,83,0,4,0,63692,0,0
Indiana,2002,1,408,0,7,0,144901,0,0
Indiana,2002,2,1635,0,30,0,579604,0,0
Indiana,2002,3,545,0,10,0,193201,0,0
Indiana,2002,4,136,0,2,0,48300,0,0
Indiana,2007,1,590,0,5,0,126637,0,0
Indiana,2007,2,2363,0,22,0,506551,0,0
Indiana,2007,3,787,0,7,0,168850,0,0
Indiana,2007,4,196,0,1,0,42212,0,0
Indiana,2008,1,315,0,0,0,70350,0,0
Indiana,2008,2,1260,0,0,0,281400,0,0
Indiana,2008,3,420,0,0,0,93800,0,0
Indiana,2008,4,105,0,0,0,23450,0,0
Indiana,2009,1,300,0,0,0,43200,0,0
Indiana,2009,2,1200,0,0,0,172800,0,0
Indiana,2009,3,400,0,0,0,57600,0,0
Indiana,2009,4,100,0,0,0,14400,0,0
Indiana,2010,1,270,0,0,0,64500,0,0
Indiana,2010,2,1080,0,0,0,258000,0,0
Indiana,2010,3,360,0,0,0,86000,0,0
Indiana,2010,4,90,0,0,0,21500,0,0
Indiana,2011,1,255,0,0,0,61200,0,0
Indiana,2011,2,1020,0,0,0,244800,0,0
Indiana,2011,3,340,0,0,0,81600,0,0
Indiana,2011,4,85,0,0,0,20400,0,0
Indiana,2012,1,455,0,6,0,159823,0,0
Indiana,2012,2,1820,0,24,0,639293,0,0
Indiana,2012,3,606,0,8,0,213097,0,0
Indiana,2012,4,151,0,2,0,53274,0,0
Indiana,2013,1,210,0,0,0,42300,0,0
Indiana,2013,2,840,0,0,0,169200,0,0
Indiana,2013,3,280,0,0,0,56400,0,0
Indiana,2013,4,70,0,0,0,14100,0,0
Indiana,2014,1,195,0,0,0,46500,0,0
Indiana,2014,2,780,0,0,0,186000,0,0
Indiana,2014,3,260,0,0,0,62000,0,0
Indiana,2014,4,65,0,0,0,15500,0,0
Indiana,2015,1,195,0,0,0,47700,0,0
Indiana,2015,2,780,0,0,0,190800,0,0
Indiana,2015,3,260,0,0,0,63600,0,0
Indiana,2015,4,65,0,0,0,15900,0,0
Indiana,2016,1,0,0,0,0,74400,0,0
Indiana,2016,2,0,0,0,0,297600,0,0
Indiana,2016,3,0,0,0,0,99200,0,0
Indiana,2016,4,0,0,0,0,24800,0,0
Indiana,2017,1,217,0,6,0,140228,0,0
Indiana,2017,2,869,0,27,0,560914,0,0
Indiana,2017,3,289,0,9,0,186971,0,0
Indiana,2017,4,72,0,2,0,46742,0,0
Indiana,2022,1,209,0,10,0,221271,0,0
Indiana,2022,2,837,0,40,0,885084,0,0
Indiana,2022,3,279,0,13,0,295028,0,0
Indiana,2022,4,69,0,3,0,73757,0,0
Iowa,2002,1,214,0,2,0,679421,0,0
Iowa,2002,2,856,0,8,0,2717686,0,0
Iowa,2002,3,285,0,2,0,905895,0,0
Iowa,2002,4,71,0,0,0,226473,0,0
Iowa,2007,1,303,0,4,0,632608,0,0
Iowa,2007,2,1212,0,16,0,2530434,0,0
Iowa,2007,3,404,0,5,0,843478,0,0
Iowa,2007,4,101,0,1,0,210869,0,0
Iowa,2008,1,165,0,0,0,223200,0,0
Iowa,2008,2,660,0,0,0,892800,0,0
Iowa,2008,3,220,0,0,0,297600,0,0
Iowa,2008,4,55,0,0,0,74400,0,0
Iowa,2009,1,165,0,0,0,163800,0,0
Iowa,2009,2,660,0,0,0,655200,0,0
Iowa,2009,3,220,0,0,0,218400,0,0
Iowa,2009,4,55,0,0,0,54600,0,0
Iowa,2010,1,150,0,0,0,198450,0,0
Iowa,2010,2,600,0,0,0,793800,0,0
Iowa,2010,3,200,0,0,0,264600,0,0
Iowa,2010,4,50,0,0,0,66150,0,0
Iowa,2011,1,150,0,0,0,232500,0,0
Iowa,2011,2,600,0,0,0,930000,0,0
Iowa,2011,3,200,0,0,0,310000,0,0
Iowa,2011,4,50,0,0,0,77500,0,0
Iowa,2012,1,285,0,3,0,653380,0,0
Iowa,2012,2,1142,0,13,0,2613522,0,0
Iowa,2012,3,380,0,4,0,871174,0,0
Iowa,2012,4,95,0,1,0,217793,0,0
Iowa,2013,1,150,0,0,0,280800,0,0
Iowa,2013,2,600,0,0,0,1123200,0,0
Iowa,2013,3,200,0,0,0,374400,0,0
Iowa,2013,4,50,0,0,0,93600,0,0
Iowa,2014,1,135,0,0,0,225750,0,0
Iowa,2014,2,540,0,0,0,903000,0,0
Iowa,2014,3,180,0,0,0,301000,0,0
Iowa,2014,4,45,0,0,0,75250,0,0
Iowa,2015,1,135,0,0,0,270000,0,0
Iowa,2015,2,540,0,0,0,1080000,0,0
Iowa,2015,3,180,0,0,0,360000,0,0
Iowa,2015,4,45,0,0,0,90000,0,0
Iowa,2016,1,0,0,0,0,266400,0,0
Iowa,2016,2,0,0,0,0,1065600,0,0
Iowa,2016,3,0,0,0,0,355200,0,0
Iowa,2016,4,0,0,0,0,88800,0,0
Iowa,2017,1,95,0,4,0,601884,0,0
Iowa,2017,2,383,0,19,0,2407537,0,0
Iowa,2017,3,127,0,6,0,802512,0,0
Iowa,2017,4,31,0,1,0,200628,0,0
Iowa,2022,1,142,0,7,0,682808,0,0
Iowa,2022,2,570,0,31,0,2731232,0,0
Iowa,2022,3,190,0,10,0,910410,0,0
Iowa,2022,4,47,0,2,0,227602,0,0
Kansas,2002,1,70,0,3,0,233259,32250,0
Kansas,2002,2,282,0,14,0,933039,129000,0
Kansas,2002,3,94,0,4,0,311013,43000,0
Kansas,2002,4,23,0,1,0,77753,10750,0
Kansas,2007,1,36,0,0,0,145386,25800,0
Kansas,2007,2,147,0,0,0,581545,103200,0
Kansas,2007,3,49,0,0,0,193848,34400,0
Kansas,2007,4,12,0,0,0,48462,8600,0
Kansas,2012,1,31,0,4,0,107813,32550,0
Kansas,2012,2,127,0,17,0,431254,130200,0
Kansas,2012,3,42,0,5,0,143751,43400,0
Kansas,2012,4,10,0,1,0,35937,10850,0
Kansas,2017,1,35,0,6,0,149510,20175,0
Kansas,2017,2,140,0,25,0,598042,80700,0
Kansas,2017,3,46,0,8,0,199347,26900,0
Kansas,2017,4,11,0,2,0,49836,6725,0
Kansas,2022,1,34,0,6,0,182684,27600,0
Kansas,2022,2,136,0,25,0,730736,110400,0
Kansas,2022,3,45,0,8,0,243578,36800,0
Kansas,2022,4,11,0,2,0,60894,9200,0
Kentucky,2002,1,187,0,4,0,69771,0,0
Kentucky,2002,2,750,0,18,0,279086,0,0
Kentucky,2002,3,250,0,6,0,93028,0,0
Kentucky,2002,4,62,0,1,0,23257,0,0
Kentucky,2007,1,263,0,11,0,78664,0,0
Kentucky,2007,2,1052,0,47,0,314658,0,0
Kentucky,2007,3,350,0,15,0,104886,0,0
Kentucky,2007,4,87,0,3,0,26221,0,0
Kentucky,2008,1,118,0,0,0,23400,0,0
Kentucky,2008,2,474,0,0,0,93600,0,0
Kentucky,2008,3,158,0,0,0,31200,0,0
Kentucky,2008,4,39,0,0,0,7800,0,0
Kentucky,2009,1,0,0,0,0,26250,0,0
Kentucky,2009,2,0,0,0,0,105000,0,0
Kentucky,2009,3,0,0,0,0,35000,0,0
Kentucky,2009,4,0,0,0,0,8750,0,0
Kentucky,2012,1,92,0,6,0,89895,0,0
Kentucky,2012,2,368,0,27,0,359583,0,0
Kentucky,2012,3,122,0,9,0,119861,0,0
Kentucky,2012,4,30,0,2,0,29965,0,0
Kentucky,2017,1,117,0,8,0,80192,0,0
Kentucky,2017,2,470,0,33,0,320768,0,0
Kentucky,2017,3,156,0,11,0,106922,0,0
Kentucky,2017,4,39,0,2,0,26730,0,0
Kentucky,2022,1,115,0,13,0,110190,0,0
Kentucky,2022,2,462,0,53,0,440760,0,0
Kentucky,2022,3,154,0,17,0,146920,0,0
Kentucky,2022,4,38,0,4,0,36730,0,0
Louisiana,2002,1,8,0,4,0,1035292,0,0
Louisiana,2002,2,32,0,19,0,4141170,0,0
Louisiana,2002,3,10,0,6,0,1380390,0,0
Louisiana,2002,4,2,0,1,0,345097,0,0
Louisiana,2007,1,4,0,3,0,797672,0,0
Louisiana,2007,2,17,0,12,0,3190690,0,0
Louisiana,2007,3,5,0,4,0,1063563,0,0
Louisiana,2007,4,1,0,1,0,265890,0,0
Louisiana,2012,1,1,0,2,0,987187,0,0
Louisiana,2012,2,6,0,10,0,3948749,0,0
Louisiana,2012,3,2,0,3,0,1316249,0,0
Louisiana,2012,4,0,0,0,0,329062,0,0
Louisiana,2017,1,0,0,12,0,1036579,0,0
Louisiana,2017,2,0,0,51,0,4146318,0,0
Louisiana,2017,3,0,0,17,0,1382106,0,0
Louisiana,2017,4,0,0,4,0,345526,0,0
Louisiana,2022,1,3,0,4,0,982677,0,0
Louisiana,2022,2,12,0,18,0,3930711,0,0
Louisiana,2022,3,4,0,6,0,1310237,0,0
Louisiana,2022,4,1,0,1,0,327559,0,0
Maine,2002,1,513,0,4,0,130993,0,0
Maine,2002,2,2054,0,19,0,523975,0,0
Maine,2002,3,684,0,6,0,174658,0,0
Maine,2002,4,171,0,1,0,43664,0,0
Maine,2007,1,854,0,3,0,76976,0,0
Maine,2007,2,3417,0,12,0,307904,0,0
Maine,2007,3,1139,0,4,0,102634,0,0
Maine,2007,4,284,0,1,0,25658,0,0
Maine,2008,1,465,0,0,0,44100,0,0
Maine,2008,2,1860,0,0,0,176400,0,0
Maine,2008,3,620,0,0,0,58800,0,0
Maine,2008,4,155,0,0,0,14700,0,0
Maine,2009,1,465,0,0,0,45000,0,0
Maine,2009,2,1860,0,0,0,180000,0,0
Maine,2009,3,620,0,0,0,60000,0,0
Maine,2009,4,155,0,0,0,15000,0,0
Maine,2010,1,465,0,0,0,30750,0,0
Maine,2010,2,1860,0,0,0,123000,0,0
Maine,2010,3,620,0,0,0,41000,0,0
Maine,2010,4,155,0,0,0,10250,0,0
Maine,2011,1,450,0,0,0,18000,0,0
Maine,2011,2,1800,0,0,0,72000,0,0
Maine,2011,3,600,0,0,0,24000,0,0
Maine,2011,4,150,0,0,0,6000,0,0
Maine,2012,1,875,0,2,0,82174,0,0
Maine,2012,2,3503,0,9,0,328699,0,0
Maine,2012,3,1167,0,3,0,109566,0,0
Maine,2012,4,291,0,0,0,27391,0,0
Maine,2013,1,435,0,0,0,45150,0,0
Maine,2013,2,1740,0,0,0,180600,0,0
Maine,2013,3,580,0,0,0,60200,0,0
Maine,2013,4,145,0,0,0,15050,0,0
Maine,2014,1,405,0,0,0,56400,0,0
Maine,2014,2,1620,0,0,0,225600,0,0
Maine,2014,3,540,0,0,0,75200,0,0
Maine,2014,4,135,0,0,0,18800,0,0
Maine,2015,1,405,0,0,0,70500,0,0
Maine,2015,2,1620,0,0,0,282000,0,0
Maine,2015,3,540,0,0,0,94000,0,0
Maine,2015,4,135,0,0,0,23500,0,0
Maine,2016,1,405,0,0,0,61200,0,0
Maine,2016,2,1620,0,0,0,244800,0,0
Maine,2016,3,540,0,0,0,81600,0,0
Maine,2016,4,135,0,0,0,20400,0,0
Maine,2017,1,763,0,3,0,115457,0,0
Maine,2017,2,3055,0,12,0,461830,0,0
Maine,2017,3,1018,0,4,0,153943,0,0
Maine,2017,4,254,0,1,0,38485,0,0
Maine,2022,1,293,0,4,0,78361,0,0
Maine,2022,2,1172,0,19,0,313446,0,0
Maine,2022,3,390,0,6,0,104482,0,0
Maine,2022,4,97,0,1,0,26120,0,0
Maryland,2002,1,354,0,16,0,41065,0,0
Maryland,2002,2,1417,0,67,0,164260,0,0
Maryland,2002,3,472,0,22,0,54753,0,0
Maryland,2002,4,118,0,5,0,13688,0,0
Maryland,2007,1,624,0,15,0,16608,0,0
Maryland,2007,2,2498,0,60,0,66432,0,0
Maryland,2007,3,832,0,20,0,22144,0,0
Maryland,2007,4,208,0,5,0,5536,0,0
Maryland,2008,1,285,0,0,0,0,0,0
Maryland,2008,2,1140,0,0,0,0,0,0
Maryland,2008,3,380,0,0,0,0,0,0
Maryland,2008,4,95,0,0,0,0,0,0
Maryland,2009,1,285,0,0,0,0,0,0
Maryland,2009,2,1140,0,0,0,0,0,0
Maryland,2009,3,380,0,0,0,0,0,0
Maryland,2009,4,95,0,0,0,0,0,0
Maryland,2010,1,285,0,0,0,0,0,0
Maryland,2010,2,1140,0,0,0,0,0,0
Maryland,2010,3,380,0,0,0,0,0,0
Maryland,2010,4,95,0,0,0,0,0,0
Maryland,2011,1,270,0,0,0,0,0,0
Maryland,2011,2,1080,0,0,0,0,0,0
Maryland,2011,3,360,0,0,0,0,0,0
Maryland,2011,4,90,0,0,0,0,0,0
Maryland,2012,1,542,0,12,0,17194,0,0
Maryland,2012,2,2170,0,48,0,68778,0,0
Maryland,2012,3,723,0,16,0,22926,0,0
Maryland,2012,4,180,0,4,0,5731,0,0
Maryland,2013,1,285,0,0,0,0,0,0
Maryland,2013,2,1140,0,0,0,0,0,0
Maryland,2013,3,380,0,0,0,0,0,0
Maryland,2013,4,95,0,0,0,0,0,0
Maryland,2014,1,285,0,0,0,0,0,0
Maryland,2014,2,1140,0,0,0,0,0,0
Maryland,2014,3,380,0,0,0,0,0,0
Maryland,2014,4,95,0,0,0,0,0,0
Maryland,2015,1,285,0,0,0,0,0,0
Maryland,2015,2,1140,0,0,0,0,0,0
Maryland,2015,3,380,0,0,0,0,0,0
Maryland,2015,4,95,0,0,0,0,0,0
Maryland,2016,1,270,0,0,0,0,0,0
Maryland,2016,2,1080,0,0,0,0,0,0
Maryland,2016,3,360,0,0,0,0,0,0
Maryland,2016,4,90,0,0,0,0,0,0
Maryland,2017,1,523,0,13,0,25069,0,0
Maryland,2017,2,2095,0,54,0,100278,0,0
Maryland,2017,3,698,0,18,0,33426,0,0
Maryland,2017,4,174,0,4,0,8356,0,0
Maryland,2022,1,258,0,14,0,33357,0,0
Maryland,2022,2,1033,0,58,0,133430,0,0
Maryland,2022,3,344,0,19,0,44476,0,0
Maryland,2022,4,86,0,4,0,11119,0,0
Massachusetts,2002,1,612,0,33,0,25134,0,0
Massachusetts,2002,2,2449,0,132,0,100539,0,0
Massachusetts,2002,3,816,0,44,0,33513,0,0
Massachusetts,2002,4,204,0,11,0,8378,0,0
Massachusetts,2007,1,1190,0,41,0,65493,0,0
Massachusetts,2007,2,4762,0,164,0,261973,0,0
Massachusetts,2007,3,1587,0,54,0,87324,0,0
Massachusetts,2007,4,396,0,13,0,21831,0,0
Massachusetts,2008,1,570,0,0,0,0,0,0
Massachusetts,2008,2,2280,0,0,0,0,0,0
Massachusetts,2008,3,760,0,0,0,0,0,0
Massachusetts,2008,4,190,0,0,0,0,0,0
Massachusetts,2009,1,540,0,0,0,0,0,0
Massachusetts,2009,2,2160,0,0,0,0,0,0
Massachusetts,2009,3,720,0,0,0,0,0,0
Massachusetts,2009,4,180,0,0,0,0,0,0
Massachusetts,2010,1,510,0,0,0,0,0,0
Massachusetts,2010,2,2040,0,0,0,0,0,0
Massachusetts,2010,3,680,0,0,0,0,0,0
Massachusetts,2010,4,170,0,0,0,0,0,0
Massachusetts,2011,1,480,0,0,0,0,0,0
Massachusetts,2011,2,1920,0,0,0,0,0,0
Massachusetts,2011,3,640,0,0,0,0,0,0
Massachusetts,2011,4,160,0,0,0,0,0,0
Massachusetts,2012,1,889,0,13,0,18515,0,0
Massachusetts,2012,2,3559,0,52,0,74060,0,0
Massachusetts,2012,3,1186,0,17,0,24686,0,0
Massachusetts,2012,4,296,0,4,0,6171,0,0
Massachusetts,2013,1,450,0,0,0,0,0,0
Massachusetts,2013,2,1800,0,0,0,0,0,0
Massachusetts,2013,3,600,0,0,0,0,0,0
Massachusetts,2013,4,150,0,0,0,0,0,0
Massachusetts,2014,1,465,0,0,0,0,0,0
Massachusetts,2014,2,1860,0,0,0,0,0,0
Massachusetts,2014,3,620,0,0,0,0,0,0
Massachusetts,2014,4,155,0,0,0,0,0,0
Massachusetts,2015,1,465,0,0,0,0,0,0
Massachusetts,2015,2,1860,0,0,0,0,0,0
Massachusetts,2015,3,620,0,0,0,0,0,0
Massachusetts,2015,4,155,0,0,0,0,0,0
Massachusetts,2016,1,465,0,0,0,0,0,0
Massachusetts,2016,2,1860,0,0,0,0,0,0
Massachusetts,2016,3,620,0,0,0,0,0,0
Massachusetts,2016,4,155,0,0,0,0,0,0
Massachusetts,2017,1,1014,0,16,0,38739,0,0
Massachusetts,2017,2,4058,0,66,0,154957,0,0
Massachusetts,2017,3,1352,0,22,0,51652,0,0
Massachusetts,2017,4,338,0,5,0,12913,0,0
Massachusetts,2022,1,490,0,18,0,74369,0,0
Massachusetts,2022,2,1962,0,75,0,297479,0,0
Massachusetts,2022,3,654,0,25,0,99159,0,0
Massachusetts,2022,4,163,0,6,0,24789,0,0
Michigan,2002,1,6661,0,137,0,1616686,0,1080
Michigan,2002,2,26646,0,551,0,6466747,0,4320
Michigan,2002,3,8882,0,183,0,2155582,0,1440
Michigan,2002,4,2220,0,45,0,538895,0,360
Michigan,2007,1,11332,0,257,0,1431966,0,1155
Michigan,2007,2,45331,0,1031,0,5727864,0,4620
Michigan,2007,3,15110,0,343,0,1909288,0,1540
Michigan,2007,4,3777,0,85,0,477322,0,385
Michigan,2008,1,5550,0,120,0,777450,0,1035
Michigan,2008,2,22200,0,480,0,3109800,0,4140
Michigan,2008,3,7400,0,160,0,1036600,0,1380
Michigan,2008,4,1850,0,40,0,259150,0,345
Michigan,2009,1,5550,0,120,0,594000,0,1005
Michigan,2009,2,22200,0,480,0,2376000,0,4020
Michigan,2009,3,7400,0,160,0,792000,0,1340
Michigan,2009,4,1850,0,40,0,198000,0,335
Michigan,2010,1,5250,0,120,0,617700,0,1005
Michigan,2010,2,21000,0,480,0,2470800,0,4020
Michigan,2010,3,7000,0,160,0,823600,0,1340
Michigan,2010,4,1750,0,40,0,205900,0,335
Michigan,2011,1,5175,0,105,0,710400,0,1035
Michigan,2011,2,20700,0,420,0,2841600,0,4140
Michigan,2011,3,6900,0,140,0,947200,0,1380
Michigan,2011,4,1725,0,35,0,236800,0,345
Michigan,2012,1,10886,0,228,0,1220137,0,1065
Michigan,2012,2,43545,0,915,0,4880548,0,4260
Michigan,2012,3,14515,0,305,0,1626849,0,1420
Michigan,2012,4,3628,0,76,0,406712,0,355
Michigan,2013,1,5400,0,105,0,701250,0,930
Michigan,2013,2,21600,0,420,0,2805000,0,3720
Michigan,2013,3,7200,0,140,0,935000,0,1240
Michigan,2013,4,1800,0,35,0,233750,0,310
Michigan,2014,1,4950,0,105,0,859950,0,915
Michigan,2014,2,19800,0,420,0,3439800,0,3660
Michigan,2014,3,6600,0,140,0,1146600,0,1220
Michigan,2014,4,1650,0,35,0,286650,0,305
Michigan,2015,1,4950,0,96,0,783000,0,870
Michigan,2015,2,19800,0,384,0,3132000,0,3480
Michigan,2015,3,6600,0,128,0,1044000,0,1160
Michigan,2015,4,1650,0,32,0,261000,0,290
Michigan,2016,1,4950,0,0,6150,801000,0,1440
Michigan,2016,2,19800,0,0,24600,3204000,0,5760
Michigan,2016,3,6600,0,0,8200,1068000,0,1920
Michigan,2016,4,1650,0,0,2050,267000,0,480
Michigan,2017,1,9891,0,87,5700,1275942,0,1395
Michigan,2017,2,39564,0,350,22800,5103771,0,5580
Michigan,2017,3,13188,0,116,7600,1701257,0,1860
Michigan,2017,4,3297,0,29,1900,425314,0,465
Michigan,2018,1,5100,0,0,4650,640200,0,1350
Michigan,2018,2,20400,0,0,18600,2560800,0,5400
Michigan,2018,3,6800,0,0,6200,853600,0,1800
Michigan,2018,4,1700,0,0,1550,213400,0,450
Michigan,2019,1,5250,0,0,5550,705000,0,1335
Michigan,2019,2,21000,0,0,22200,2820000,0,5340
Michigan,2019,3,7000,0,0,7400,940000,0,1780
Michigan,2019,4,1750,0,0,1850,235000,0,445
Michigan,2020,1,5400,0,0,4950,669750,0,1215
Michigan,2020,2,21600,0,0,19800,2679000,0,4860
Michigan,2020,3,7200,0,0,6600,893000,0,1620
Michigan,2020,4,1800,0,0,1650,223250,0,405
Michigan,2021,1,5550,0,0,4800,765000,0,1245
Michigan,2021,2,22200,0,0,19200,3060000,0,4980
Michigan,2021,3,7400,0,0,6400,1020000,0,1660
Michigan,2021,4,1850,0,0,1600,255000,0,415
Michigan,2022,1,11707,0,99,4500,1429553,0,1155
Michigan,2022,2,46830,0,398,18000,5718214,0,4620
Michigan,2022,3,15610,0,132,6000,1906071,0,1540
Michigan,2022,4,3902,0,33,1500,476517,0,385
Michigan,2023,1,5550,0,0,4350,577500,0,1155
Michigan,2023,2,22200,0,0,17400,2310000,0,4620
Michigan,2023,3,7400,0,0,5800,770000,0,1540
Michigan,2023,4,1850,0,0,1450,192500,0,385
Minnesota,2002,1,392,0,0,0,2307027,10500,0
Minnesota,2002,2,1570,0,0,0,9228109,42000,0
Minnesota,2002,3,523,0,0,0,3076036,14000,0
Minnesota,2002,4,130,0,0,0,769009,3500,0
Minnesota,2007,1,892,0,2,0,2729645,19650,0
Minnesota,2007,2,3570,0,9,0,10918581,78600,0
Minnesota,2007,3,1190,0,3,0,3639527,26200,0
Minnesota,2007,4,297,0,0,0,909881,6550,0
Minnesota,2008,1,450,0,0,0,1427400,17250,0
Minnesota,2008,2,1800,0,0,0,5709600,69000,0
Minnesota,2008,3,600,0,0,0,1903200,23000,0
Minnesota,2008,4,150,0,0,0,475800,5750,0
Minnesota,2009,1,450,0,0,0,1189500,10650,0
Minnesota,2009,2,1800,0,0,0,4758000,42600,0
Minnesota,2009,3,600,0,0,0,1586000,14200,0
Minnesota,2009,4,150,0,0,0,396500,3550,0
Minnesota,2010,1,435,0,0,0,1267200,13200,0
Minnesota,2010,2,1740,0,0,0,5068800,52800,0
Minnesota,2010,3,580,0,0,0,1689600,17600,0
Minnesota,2010,4,145,0,0,0,422400,4400,0
Minnesota,2011,1,435,0,0,0,954000,6000,0
Minnesota,2011,2,1740,0,0,0,3816000,24000,0
Minnesota,2011,3,580,0,0,0,1272000,8000,0
Minnesota,2011,4,145,0,0,0,318000,2000,0
Minnesota,2012,1,878,0,1,0,2529661,14550,0
Minnesota,2012,2,3512,0,7,0,10118646,58200,0
Minnesota,2012,3,1170,0,2,0,3372882,19400,0
Minnesota,2012,4,292,0,0,0,843220,4850,0
Minnesota,2013,1,435,0,0,0,1131000,19650,0
Minnesota,2013,2,1740,0,0,0,4524000,78600,0
Minnesota,2013,3,580,0,0,0,1508000,26200,0
Minnesota,2013,4,145,0,0,0,377000,6550,0
Minnesota,2014,1,435,0,0,0,1188000,15750,0
Minnesota,2014,2,1740,0,0,0,4752000,63000,0
Minnesota,2014,3,580,0,0,0,1584000,21000,0
Minnesota,2014,4,145,0,0,0,396000,5250,0
Minnesota,2015,1,435,0,0,0,1244400,26250,0
Minnesota,2015,2,1740,0,0,0,4977600,105000,0
Minnesota,2015,3,580,0,0,0,1659200,35000,0
Minnesota,2015,4,145,0,0,0,414800,8750,0
Minnesota,2016,1,435,0,0,0,1097400,26400,0
Minnesota,2016,2,1740,0,0,0,4389600,105600,0
Minnesota,2016,3,580,0,0,0,1463200,35200,0
Minnesota,2016,4,145,0,0,0,365800,8800,0
Minnesota,2017,1,874,0,3,0,2319830,14955,0
Minnesota,2017,2,3498,0,12,0,9279321,59820,0
Minnesota,2017,3,1166,0,4,0,3093107,19940,0
Minnesota,2017,4,291,0,1,0,773276,4985,0
Minnesota,2022,1,385,0,4,0,2110126,54600,0
Minnesota,2022,2,1540,0,19,0,8440506,218400,0
Minnesota,2022,3,513,0,6,0,2813502,72800,0
Minnesota,2022,4,128,0,1,0,703375,18200,0
Mississippi,2002,1,17,0,7,0,300227,0,0
Mississippi,2002,2,69,0,31,0,1200908,0,0
Mississippi,2002,3,23,0,10,0,400302,0,0
Mississippi,2002,4,5,0,2,0,100075,0,0
Mississippi,2007,1,15,0,7,0,480937,0,0
Mississippi,2007,2,60,0,28,0,1923751,0,0
Mississippi,2007,3,20,0,9,0,641250,0,0
Mississippi,2007,4,5,0,2,0,160312,0,0
Mississippi,2012,1,6,0,10,0,747415,0,0
Mississippi,2012,2,26,0,42,0,2989661,0,0
Mississippi,2012,3,8,0,14,0,996553,0,0
Mississippi,2012,4,2,0,3,0,249138,0,0
Mississippi,2017,1,4,0,10,0,451274,0,0
Mississippi,2017,2,18,0,42,0,1805098,0,0
Mississippi,2017,3,6,0,14,0,601699,0,0
Mississippi,2017,4,1,0,3,0,150424,0,0
Mississippi,2022,1,12,0,19,0,787712,0,0
Mississippi,2022,2,51,0,78,0,3150849,0,0
Mississippi,2022,3,17,0,26,0,1050283,0,0
Mississippi,2022,4,4,0,6,0,262570,0,0
Missouri,2002,1,438,0,10,0,295409,0,0
Missouri,2002,2,1752,0,42,0,1181638,0,0
Missouri,2002,3,584,0,14,0,393879,0,0
Missouri,2002,4,146,0,3,0,98469,0,0
Missouri,2007,1,572,0,9,0,213027,0,0
Missouri,2007,2,2291,0,36,0,852110,0,0
Missouri,2007,3,763,0,12,0,284036,0,0
Missouri,2007,4,190,0,3,0,71009,0,0
Missouri,2008,1,285,0,0,0,87450,0,0
Missouri,2008,2,1140,0,0,0,349800,0,0
Missouri,2008,3,380,0,0,0,116600,0,0
Missouri,2008,4,95,0,0,0,29150,0,0
Missouri,2009,1,270,0,0,0,77550,0,0
Missouri,2009,2,1080,0,0,0,310200,0,0
Missouri,2009,3,360,0,0,0,103400,0,0
Missouri,2009,4,90,0,0,0,25850,0,0
Missouri,2010,1,270,0,0,0,85800,0,0
Missouri,2010,2,1080,0,0,0,343200,0,0
Missouri,2010,3,360,0,0,0,114400,0,0
Missouri,2010,4,90,0,0,0,28600,0,0
Missouri,2011,1,270,0,0,0,51600,0,0
Missouri,2011,2,1080,0,0,0,206400,0,0
Missouri,2011,3,360,0,0,0,68800,0,0
Missouri,2011,4,90,0,0,0,17200,0,0
Missouri,2012,1,354,0,7,0,132666,0,0
Missouri,2012,2,1416,0,29,0,530664,0,0
Missouri,2012,3,472,0,9,0,176888,0,0
Missouri,2012,4,118,0,2,0,44222,0,0
Missouri,2013,1,180,0,0,0,70500,0,0
Missouri,2013,2,720,0,0,0,282000,0,0
Missouri,2013,3,240,0,0,0,94000,0,0
Missouri,2013,4,60,0,0,0,23500,0,0
Missouri,2014,1,180,0,0,0,84600,0,0
Missouri,2014,2,720,0,0,0,338400,0,0
Missouri,2014,3,240,0,0,0,112800,0,0
Missouri,2014,4,60,0,0,0,28200,0,0
Missouri,2015,1,165,0,0,0,78000,0,0
Missouri,2015,2,660,0,0,0,312000,0,0
Missouri,2015,3,220,0,0,0,104000,0,0
Missouri,2015,4,55,0,0,0,26000,0,0
Missouri,2016,1,0,0,0,0,74400,0,0
Missouri,2016,2,0,0,0,0,297600,0,0
Missouri,2016,3,0,0,0,0,99200,0,0
Missouri,2016,4,0,0,0,0,24800,0,0
Missouri,2017,1,168,0,7,0,176377,0,0
Missouri,2017,2,673,0,31,0,705509,0,0
Missouri,2017,3,224,0,10,0,235169,0,0
Missouri,2017,4,56,0,2,0,58792,0,0
Missouri,2022,1,169,0,10,0,157303,0,0
Missouri,2022,2,678,0,42,0,629215,0,0
Missouri,2022,3,226,0,14,0,209738,0,0
Missouri,2022,4,56,0,3,0,52434,0,0
Montana,2002,1,49,0,1,0,2540986,0,0
Montana,2002,2,196,0,6,0,10163946,0,0
Montana,2002,3,65,0,2,0,3387982,0,0
Montana,2002,4,16,0,0,0,846995,0,0
Montana,2007,1,32,0,2,0,2774019,540,0
Montana,2007,2,131,0,8,0,11096077,2160,0
Montana,2007,3,43,0,2,0,3698692,720,0
Montana,2007,4,10,0,0,0,924673,180,0
Montana,2012,1,33,0,0,0,2316997,0,0
Montana,2012,2,133,0,3,0,9267989,0,0
Montana,2012,3,44,0,1,0,3089329,0,0
Montana,2012,4,11,0,0,0,772332,0,0
Montana,2017,1,36,0,2,0,3307477,0,0
Montana,2017,2,144,0,9,0,13229909,0,0
Montana,2017,3,48,0,3,0,4409969,0,0
Montana,2017,4,12,0,0,0,1102492,0,0
Montana,2022,1,40,0,3,0,2448770,0,0
Montana,2022,2,162,0,13,0,9795082,0,0
Montana,2022,3,54,0,4,0,3265027,0,0
Montana,2022,4,13,0,1,0,816256,0,0
Nebraska,2002,1,44,0,0,0,906010,9000,0
Nebraska,2002,2,177,0,2,0,3624042,36000,0
Nebraska,2002,3,59,0,0,0,1208014,12000,0
Nebraska,2002,4,14,0,0,0,302003,3000,0
Nebraska,2007,1,0,0,1,0,648514,7350,0
Nebraska,2007,2,0,0,6,0,2594059,29400,0
Nebraska,2007,3,0,0,2,0,864686,9800,0
Nebraska,2007,4,0,0,0,0,216171,2450,0
Nebraska,2012,1,33,0,0,0,921205,13875,0
Nebraska,2012,2,135,0,3,0,3684822,55500,0
Nebraska,2012,3,45,0,1,0,1228274,18500,0
Nebraska,2012,4,11,0,0,0,307068,4625,0
Nebraska,2017,1,34,0,1,0,791293,15825,0
Nebraska,2017,2,138,0,7,0,3165174,63300,0
Nebraska,2017,3,46,0,2,0,1055058,21100,0
Nebraska,2017,4,11,0,0,0,263764,5275,0
Nebraska,2022,1,42,0,2,0,584514,28425,0
Nebraska,2022,2,171,0,11,0,2338056,113700,0
Nebraska,2022,3,57,0,3,0,779352,37900,0
Nebraska,2022,4,14,0,0,0,194838,9475,0
Nevada,2002,1,14,0,1,0,88236,0,0
Nevada,2002,2,58,0,4,0,352946,0,0
Nevada,2002,3,19,0,1,0,117648,0,0
Nevada,2002,4,4,0,0,0,29412,0,0
Nevada,2007,1,14,0,0,0,65586,0,0
Nevada,2007,2,56,0,0,0,262347,0,0
Nevada,2007,3,18,0,0,0,87449,0,0
Nevada,2007,4,4,0,0,0,21862,0,0
Nevada,2012,1,26,0,3,0,54568,0,0
Nevada,2012,2,106,0,12,0,218272,0,0
Nevada,2012,3,35,0,4,0,72757,0,0
Nevada,2012,4,8,0,1,0,18189,0,0
Nevada,2017,1,15,0,3,0,18527,0,0
Nevada,2017,2,61,0,13,0,74109,0,0
Nevada,2017,3,20,0,4,0,24703,0,0
Nevada,2017,4,5,0,1,0,6175,0,0
Nevada,2022,1,0,0,2,0,18150,0,0
Nevada,2022,2,0,0,8,0,72603,0,0
Nevada,2022,3,0,0,2,0,24201,0,0
Nevada,2022,4,0,0,0,0,6050,0,0
New Hampshire,2002,1,328,0,0,0,15232,0,0
New Hampshire,2002,2,1314,0,0,0,60928,0,0
New Hampshire,2002,3,438,0,0,0,20309,0,0
New Hampshire,2002,4,109,0,0,0,5077,0,0
New Hampshire,2007,1,601,0,0,0,7934,0,0
New Hampshire,2007,2,2407,0,0,0,31739,0,0
New Hampshire,2007,3,802,0,0,0,10579,0,0
New Hampshire,2007,4,200,0,0,0,2644,0,0
New Hampshire,2008,1,300,0,0,0,0,0,0
New Hampshire,2008,2,1200,0,0,0,0,0,0
New Hampshire,2008,3,400,0,0,0,0,0,0
New Hampshire,2008,4,100,0,0,0,0,0,0
New Hampshire,2009,1,270,0,0,0,0,0,0
New Hampshire,2009,2,1080,0,0,0,0,0,0
New Hampshire,2009,3,360,0,0,0,0,0,0
New Hampshire,2009,4,90,0,0,0,0,0,0
New Hampshire,2010,1,240,0,0,0,0,0,0
New Hampshire,2010,2,960,0,0,0,0,0,0
New Hampshire,2010,3,320,0,0,0,0,0,0
New Hampshire,2010,4,80,0,0,0,0,0,0
New Hampshire,2011,1,225,0,0,0,0,0,0
New Hampshire,2011,2,900,0,0,0,0,0,0
New Hampshire,2011,3,300,0,0,0,0,0,0
New Hampshire,2011,4,75,0,0,0,0,0,0
New Hampshire,2012,1,424,0,1,0,14201,0,0
New Hampshire,2012,2,1698,0,7,0,56807,0,0
New Hampshire,2012,3,566,0,2,0,18935,0,0
New Hampshire,2012,4,141,0,0,0,4733,0,0
New Hampshire,2013,1,210,0,0,0,0,0,0
New Hampshire,2013,2,840,0,0,0,0,0,0
New Hampshire,2013,3,280,0,0,0,0,0,0
New Hampshire,2013,4,70,0,0,0,0,0,0
New Hampshire,2014,1,195,0,0,0,0,0,0
New Hampshire,2014,2,780,0,0,0,0,0,0
New Hampshire,2014,3,260,0,0,0,0,0,0
New Hampshire,2014,4,65,0,0,0,0,0,0
New Hampshire,2015,1,195,0,0,0,0,0,0
New Hampshire,2015,2,780,0,0,0,0,0,0
New Hampshire,2015,3,260,0,0,0,0,0,0
New Hampshire,2015,4,65,0,0,0,0,0,0
New Hampshire,2017,1,199,0,2,0,12230,0,0
New Hampshire,2017,2,798,0,8,0,48922,0,0
New Hampshire,2017,3,266,0,2,0,16307,0,0
New Hampshire,2017,4,66,0,0,0,4076,0,0
New Hampshire,2022,1,185,0,3,0,23718,0,0
New Hampshire,2022,2,743,0,13,0,94873,0,0
New Hampshire,2022,3,247,0,4,0,31624,0,0
New Hampshire,2022,4,61,0,1,0,7906,0,0
New Jersey,2002,1,348,0,29,0,113773,0,540
New Jersey,2002,2,1394,0,116,0,455095,0,2160
New Jersey,2002,3,464,0,38,0,151698,0,720
New Jersey,2002,4,116,0,9,0,37924,0,180
New Jersey,2007,1,578,0,43,0,148051,0,450
New Jersey,2007,2,2315,0,175,0,592207,0,1800
New Jersey,2007,3,771,0,58,0,197402,0,600
New Jersey,2007,4,192,0,14,0,49350,0,150
New Jersey,2008,1,300,0,0,0,54000,0,510
New Jersey,2008,2,1200,0,0,0,216000,0,2040
New Jersey,2008,3,400,0,0,0,72000,0,680
New Jersey,2008,4,100,0,0,0,18000,0,170
New Jersey,2009,1,285,0,0,0,52800,0,495
New Jersey,2009,2,1140,0,0,0,211200,0,1980
New Jersey,2009,3,380,0,0,0,70400,0,660
New Jersey,2009,4,95,0,0,0,17600,0,165
New Jersey,2010,1,270,0,0,0,68250,0,465
New Jersey,2010,2,1080,0,0,0,273000,0,1860
New Jersey,2010,3,360,0,0,0,91000,0,620
New Jersey,2010,4,90,0,0,0,22750,0,155
New Jersey,2011,1,255,0,0,0,67650,0,465
New Jersey,2011,2,1020,0,0,0,270600,0,1860
New Jersey,2011,3,340,0,0,0,90200,0,620
New Jersey,2011,4,85,0,0,0,22550,0,155
New Jersey,2012,1,462,0,30,0,156260,0,435
New Jersey,2012,2,1848,0,121,0,625042,0,1740
New Jersey,2012,3,616,0,40,0,208347,0,580
New Jersey,2012,4,154,0,10,0,52086,0,145
New Jersey,2013,1,255,0,0,0,72600,0,450
New Jersey,2013,2,1020,0,0,0,290400,0,1800
New Jersey,2013,3,340,0,0,0,96800,0,600
New Jersey,2013,4,85,0,0,0,24200,0,150
New Jersey,2014,1,255,0,0,0,54000,0,435
New Jersey,2014,2,1020,0,0,0,216000,0,1740
New Jersey,2014,3,340,0,0,0,72000,0,580
New Jersey,2014,4,85,0,0,0,18000,0,145
New Jersey,2015,1,315,0,0,0,48600,0,450
New Jersey,2015,2,1260,0,0,0,194400,0,1800
New Jersey,2015,3,420,0,0,0,64800,0,600
New Jersey,2015,4,105,0,0,0,16200,0,150
New Jersey,2016,1,330,0,0,480,48600,0,465
New Jersey,2016,2,1320,0,0,1920,194400,0,1860
New Jersey,2016,3,440,0,0,640,64800,0,620
New Jersey,2016,4,110,0,0,160,16200,0,155
New Jersey,2017,1,617,0,0,450,127842,0,525
New Jersey,2017,2,2468,0,0,1800,511368,0,2100
New Jersey,2017,3,822,0,0,600,170456,0,700
New Jersey,2017,4,205,0,0,150,42614,0,175
New Jersey,2022,1,335,0,35,0,189064,0,480
New Jersey,2022,2,1342,0,140,0,756258,0,1920
New Jersey,2022,3,447,0,46,0,252086,0,640
New Jersey,2022,4,111,0,11,0,63021,0,160
New Mexico,2002,1,272,0,10,0,123899,0,0
New Mexico,2002,2,1088,0,40,0,495597,0,0
New Mexico,2002,3,362,0,13,0,165199,0,0
New Mexico,2002,4,90,0,3,0,41299,0,0
New Mexico,2007,1,265,0,16,0,129660,0,0
New Mexico,2007,2,1061,0,65,0,518641,0,0
New Mexico,2007,3,353,0,21,0,172880,0,0
New Mexico,2007,4,88,0,5,0,43220,0,0
New Mexico,2012,1,194,0,19,0,105901,0,0
New Mexico,2012,2,777,0,79,0,423607,0,0
New Mexico,2012,3,259,0,26,0,141202,0,0
New Mexico,2012,4,64,0,6,0,35300,0,0
New Mexico,2017,1,130,0,8,0,46772,0,0
New Mexico,2017,2,520,0,33,0,187090,0,0
New Mexico,2017,3,173,0,11,0,62363,0,0
New Mexico,2017,4,43,0,2,0,15590,0,0
New Mexico,2022,1,123,0,10,0,51310,0,0
New Mexico,2022,2,495,0,43,0,205243,0,0
New Mexico,2022,3,165,0,14,0,68414,0,0
New Mexico,2022,4,41,0,3,0,17103,0,0
New York,2002,1,7049,0,248,0,1577967,0,630
New York,2002,2,28196,0,993,0,6311871,0,2520
New York,2002,3,9398,0,331,0,2103957,0,840
New York,2002,4,2349,0,82,0,525989,0,210
New York,2007,1,13037,0,378,0,922080,0,540
New York,2007,2,52149,0,1513,0,3688321,0,2160
New York,2007,3,17383,0,504,0,1229440,0,720
New York,2007,4,4345,0,126,0,307360,0,180
New York,2008,1,6300,0,180,0,525000,0,630
New York,2008,2,25200,0,720,0,2100000,0,2520
New York,2008,3,8400,0,240,0,700000,0,840
New York,2008,4,2100,0,60,0,175000,0,210
New York,2009,1,6300,0,180,0,438750,0,705
New York,2009,2,25200,0,720,0,1755000,0,2820
New York,2009,3,8400,0,240,0,585000,0,940
New York,2009,4,2100,0,60,0,146250,0,235
New York,2010,1,6300,0,180,0,432000,0,705
New York,2010,2,25200,0,720,0,1728000,0,2820
New York,2010,3,8400,0,240,0,576000,0,940
New York,2010,4,2100,0,60,0,144000,0,235
New York,2011,1,6300,0,180,0,411600,0,780
New York,2011,2,25200,0,720,0,1646400,0,3120
New York,2011,3,8400,0,240,0,548800,0,1040
New York,2011,4,2100,0,60,0,137200,0,260
New York,2012,1,12154,0,301,0,913722,0,825
New York,2012,2,48616,0,1204,0,3654889,0,3300
New York,2012,3,16205,0,401,0,1218296,0,1100
New York,2012,4,4051,0,100,0,304574,0,275
New York,2013,1,6120,0,150,0,396000,0,690
New York,2013,2,24480,0,600,0,1584000,0,2760
New York,2013,3,8160,0,200,0,528000,0,920
New York,2013,4,2040,0,50,0,132000,0,230
New York,2014,1,6225,0,150,0,495000,0,675
New York,2014,2,24900,0,600,0,1980000,0,2700
New York,2014,3,8300,0,200,0,660000,0,900
New York,2014,4,2075,0,50,0,165000,0,225
New York,2015,1,6345,0,150,0,539400,0,675
New York,2015,2,25380,0,600,0,2157600,0,2700
New York,2015,3,8460,0,200,0,719200,0,900
New York,2015,4,2115,0,50,0,179800,0,225
New York,2016,1,6450,0,0,0,547200,0,870
New York,2016,2,25800,0,0,0,2188800,0,3480
New York,2016,3,8600,0,0,0,729600,0,1160
New York,2016,4,2150,0,0,0,182400,0,290
New York,2017,1,13108,0,106,0,935747,0,840
New York,2017,2,52433,0,426,0,3742989,0,3360
New York,2017,3,17477,0,142,0,1247663,0,1120
New York,2017,4,4369,0,35,0,311915,0,280
New York,2018,1,6300,0,0,0,403200,0,780
New York,2018,2,25200,0,0,0,1612800,0,3120
New York,2018,3,8400,0,0,0,537600,0,1040
New York,2018,4,2100,0,0,0,134400,0,260
New York,2019,1,6600,0,0,0,513300,0,810
New York,2019,2,26400,0,0,0,2053200,0,3240
New York,2019,3,8800,0,0,0,684400,0,1080
New York,2019,4,2200,0,0,0,171100,0,270
New York,2020,1,6600,0,0,0,487200,0,660
New York,2020,2,26400,0,0,0,1948800,0,2640
New York,2020,3,8800,0,0,0,649600,0,880
New York,2020,4,2200,0,0,0,162400,0,220
New York,2021,1,6900,0,0,0,453150,0,690
New York,2021,2,27600,0,0,0,1812600,0,2760
New York,2021,3,9200,0,0,0,604200,0,920
New York,2021,4,2300,0,0,0,151050,0,230
New York,2022,1,15462,0,96,0,856476,0,720
New York,2022,2,61851,0,386,0,3425904,0,2880
New York,2022,3,20617,0,128,0,1141968,0,960
New York,2022,4,5154,0,32,0,285492,0,240
New York,2023,1,6600,0,0,0,356700,0,600
New York,2023,2,26400,0,0,0,1426800,0,2400
New York,2023,3,8800,0,0,0,475600,0,800
New York,2023,4,2200,0,0,0,118900,0,200
North Carolina,2002,1,1140,0,8,0,186738,0,630
North Carolina,2002,2,4563,0,32,0,746955,0,2520
North Carolina,2002,3,1521,0,10,0,248985,0,840
North Carolina,2002,4,380,0,2,0,62246,0,210
North Carolina,2007,1,2040,0,7,0,165861,0,480
North Carolina,2007,2,8161,0,28,0,663444,0,1920
North Carolina,2007,3,2720,0,9,0,221148,0,640
North Carolina,2007,4,680,0,2,0,55287,0,160
North Carolina,2008,1,1020,0,0,0,93600,0,510
North Carolina,2008,2,4080,0,0,0,374400,0,2040
North Carolina,2008,3,1360,0,0,0,124800,0,680
North Carolina,2008,4,340,0,0,0,31200,0,170
North Carolina,2009,1,1020,0,0,0,74250,0,495
North Carolina,2009,2,4080,0,0,0,297000,0,1980
North Carolina,2009,3,1360,0,0,0,99000,0,660
North Carolina,2009,4,340,0,0,0,24750,0,165
North Carolina,2010,1,1020,0,0,0,89700,0,465
North Carolina,2010,2,4080,0,0,0,358800,0,1860
North Carolina,2010,3,1360,0,0,0,119600,0,620
North Carolina,2010,4,340,0,0,0,29900,0,155
North Carolina,2011,1,1005,0,0,0,130200,0,450
North Carolina,2011,2,4020,0,0,0,520800,0,1800
North Carolina,2011,3,1340,0,0,0,173600,0,600
North Carolina,2011,4,335,0,0,0,43400,0,150
North Carolina,2012,1,1692,0,10,0,182164,0,420
North Carolina,2012,2,6770,0,40,0,728658,0,1680
North Carolina,2012,3,2256,0,13,0,242886,0,560
North Carolina,2012,4,564,0,3,0,60721,0,140
North Carolina,2013,1,900,0,0,0,57000,0,405
North Carolina,2013,2,3600,0,0,0,228000,0,1620
North Carolina,2013,3,1200,0,0,0,76000,0,540
North Carolina,2013,4,300,0,0,0,19000,0,135
North Carolina,2014,1,900,0,0,0,77400,0,465
North Carolina,2014,2,3600,0,0,0,309600,0,1860
North Carolina,2014,3,1200,0,0,0,103200,0,620
North Carolina,2014,4,300,0,0,0,25800,0,155
North Carolina,2015,1,900,0,0,0,81000,0,450
North Carolina,2015,2,3600,0,0,0,324000,0,1800
North Carolina,2015,3,1200,0,0,0,108000,0,600
North Carolina,2015,4,300,0,0,0,27000,0,150
North Carolina,2016,1,840,0,0,1650,66600,0,570
North Carolina,2016,2,3360,0,0,6600,266400,0,2280
North Carolina,2016,3,1120,0,0,2200,88800,0,760
North Carolina,2016,4,280,0,0,550,22200,0,190
North Carolina,2017,1,1562,0,12,1575,163921,0,450
North Carolina,2017,2,6248,0,48,6300,655686,0,1800
North Carolina,2017,3,2082,0,16,2100,218562,0,600
North Carolina,2017,4,520,0,4,525,54640,0,150
North Carolina,2022,1,881,0,16,1215,230026,0,510
North Carolina,2022,2,3526,0,64,4860,920107,0,2040
North Carolina,2022,3,1175,0,21,1620,306702,0,680
North Carolina,2022,4,293,0,5,405,76675,0,170
North Dakota,2002,1,0,0,0,0,5511412,205500,0
North Dakota,2002,2,0,0,0,0,22045650,822000,0
North Dakota,2002,3,0,0,0,0,7348550,274000,0
North Dakota,2002,4,0,0,0,0,1837137,68500,0
North Dakota,2007,1,4,0,0,0,9285821,161250,0
North Dakota,2007,2,19,0,0,0,37143287,645000,0
North Dakota,2007,3,6,0,0,0,12381095,215000,0
North Dakota,2007,4,1,0,0,0,3095273,53750,0
North Dakota,2012,1,1,0,0,0,9347041,243000,0
North Dakota,2012,2,7,0,0,0,37388166,972000,0
North Dakota,2012,3,2,0,0,0,12462722,324000,0
North Dakota,2012,4,0,0,0,0,3115680,81000,0
North Dakota,2017,1,4,0,0,0,10101790,145200,0
North Dakota,2017,2,16,0,0,0,40407163,580800,0
North Dakota,2017,3,5,0,0,0,13469054,193600,0
North Dakota,2017,4,1,0,0,0,3367263,48400,0
North Dakota,2022,1,3,0,0,0,10811022,525750,0
North Dakota,2022,2,12,0,0,0,43244088,2103000,0
North Dakota,2022,3,4,0,0,0,14414696,701000,0
North Dakota,2022,4,1,0,0,0,3603674,175250,0
Ohio,2002,1,1007,0,23,0,406792,0,225
Ohio,2002,2,4028,0,94,0,1627171,0,900
Ohio,2002,3,1342,0,31,0,542390,0,300
Ohio,2002,4,335,0,7,0,135597,0,75
Ohio,2007,1,1694,0,19,0,282074,0,225
Ohio,2007,2,6777,0,76,0,1128297,0,900
Ohio,2007,3,2259,0,25,0,376099,0,300
Ohio,2007,4,564,0,6,0,94024,0,75
Ohio,2008,1,870,0,0,0,111300,0,240
Ohio,2008,2,3480,0,0,0,445200,0,960
Ohio,2008,3,1160,0,0,0,148400,0,320
Ohio,2008,4,290,0,0,0,37100,0,80
Ohio,2009,1,840,0,0,0,82500,0,240
Ohio,2009,2,3360,0,0,0,330000,0,960
Ohio,2009,3,1120,0,0,0,110000,0,320
Ohio,2009,4,280,0,0,0,27500,0,80
Ohio,2010,1,765,0,0,0,167400,0,270
Ohio,2010,2,3060,0,0,0,669600,0,1080
Ohio,2010,3,1020,0,0,0,223200,0,360
Ohio,2010,4,255,0,0,0,55800,0,90
Ohio,2011,1,645,0,0,0,148500,0,255
Ohio,2011,2,2580,0,0,0,594000,0,1020
Ohio,2011,3,860,0,0,0,198000,0,340
Ohio,2011,4,215,0,0,0,49500,0,85
Ohio,2012,1,1241,0,15,0,323612,0,240
Ohio,2012,2,4965,0,60,0,1294448,0,960
Ohio,2012,3,1655,0,20,0,431482,0,320
Ohio,2012,4,413,0,5,0,107870,0,80
Ohio,2013,1,585,0,0,0,114750,0,240
Ohio,2013,2,2340,0,0,0,459000,0,960
Ohio,2013,3,780,0,0,0,153000,0,320
Ohio,2013,4,195,0,0,0,38250,0,80
Ohio,2014,1,585,0,0,0,137250,0,270
Ohio,2014,2,2340,0,0,0,549000,0,1080
Ohio,2014,3,780,0,0,0,183000,0,360
Ohio,2014,4,195,0,0,0,45750,0,90
Ohio,2015,1,585,0,0,0,127500,0,300
Ohio,2015,2,2340,0,0,0,510000,0,1200
Ohio,2015,3,780,0,0,0,170000,0,400
Ohio,2015,4,195,0,0,0,42500,0,100
Ohio,2016,1,600,0,0,315,177750,0,0
Ohio,2016,2,2400,0,0,1260,711000,0,0
Ohio,2016,3,800,0,0,420,237000,0,0
Ohio,2016,4,200,0,0,105,59250,0,0
Ohio,2017,1,1201,0,20,315,327943,0,0
Ohio,2017,2,4806,0,82,1260,1311775,0,0
Ohio,2017,3,1602,0,27,420,437258,0,0
Ohio,2017,4,400,0,6,105,109314,0,0
Ohio,2022,1,597,0,25,0,461884,0,0
Ohio,2022,2,2391,0,102,0,1847539,0,0
Ohio,2022,3,797,0,34,0,615846,0,0
Ohio,2022,4,199,0,8,0,153961,0,0
Oklahoma,2002,1,24,0,20,0,70300,0,0
Oklahoma,2002,2,99,0,81,0,281201,0,0
Oklahoma,2002,3,33,0,27,0,93733,0,0
Oklahoma,2002,4,8,0,6,0,23433,0,0
Oklahoma,2007,1,13,0,27,0,35815,0,0
Oklahoma,2007,2,55,0,110,0,143261,0,0
Oklahoma,2007,3,18,0,36,0,47753,0,0
Oklahoma,2007,4,4,0,9,0,11938,0,0
Oklahoma,2012,1,12,0,5,0,13034,1905,0
Oklahoma,2012,2,48,0,22,0,52136,7620,0
Oklahoma,2012,3,16,0,7,0,17378,2540,0
Oklahoma,2012,4,4,0,1,0,4344,635,0
Oklahoma,2017,1,9,0,0,0,22367,0,0
Oklahoma,2017,2,38,0,0,0,89469,0,0
Oklahoma,2017,3,12,0,0,0,29823,0,0
Oklahoma,2017,4,3,0,0,0,7455,0,0
Oklahoma,2022,1,23,0,10,0,35101,0,0
Oklahoma,2022,2,93,0,42,0,140404,0,0
Oklahoma,2022,3,31,0,14,0,46801,0,0
Oklahoma,2022,4,7,0,3,0,11700,0,0
Oregon,2002,1,998,0,2745,0,596814,0,375
Oregon,2002,2,3994,0,10981,0,2387256,0,1500
Oregon,2002,3,1331,0,3660,0,795752,0,500
Oregon,2002,4,332,0,915,0,198938,0,125
Oregon,2007,1,1554,0,5031,0,636389,0,315
Oregon,2007,2,6217,0,20124,0,2545559,0,1260
Oregon,2007,3,2072,0,6708,0,848519,0,420
Oregon,2007,4,518,0,1677,0,212129,0,105
Oregon,2008,1,630,0,2430,0,322500,0,285
Oregon,2008,2,2520,0,9720,0,1290000,0,1140
Oregon,2008,3,840,0,3240,0,430000,0,380
Oregon,2008,4,210,0,810,0,107500,0,95
Oregon,2009,1,630,0,2430,0,280500,0,345
Oregon,2009,2,2520,0,9720,0,1122000,0,1380
Oregon,2009,3,840,0,3240,0,374000,0,460
Oregon,2009,4,210,0,810,0,93500,0,115
Oregon,2010,1,630,0,2430,0,345150,0,375
Oregon,2010,2,2520,0,9720,0,1380600,0,1500
Oregon,2010,3,840,0,3240,0,460200,0,500
Oregon,2010,4,210,0,810,0,115050,0,125
Oregon,2011,1,615,0,2310,0,306000,0,420
Oregon,2011,2,2460,0,9240,0,1224000,0,1680
Oregon,2011,3,820,0,3080,0,408000,0,560
Oregon,2011,4,205,0,770,0,102000,0,140
Oregon,2012,1,1483,0,4299,0,574710,0,450
Oregon,2012,2,5932,0,17198,0,2298841,0,1800
Oregon,2012,3,1977,0,5732,0,766280,0,600
Oregon,2012,4,494,0,1433,0,191570,0,150
Oregon,2013,1,735,0,2265,0,325500,0,375
Oregon,2013,2,2940,0,9060,0,1302000,0,1500
Oregon,2013,3,980,0,3020,0,434000,0,500
Oregon,2013,4,245,0,755,0,108500,0,125
Oregon,2014,1,765,0,2235,0,426000,0,465
Oregon,2014,2,3060,0,8940,0,1704000,0,1860
Oregon,2014,3,1020,0,2980,0,568000,0,620
Oregon,2014,4,255,0,745,0,142000,0,155
Oregon,2015,1,750,0,2265,0,404700,0,540
Oregon,2015,2,3000,0,9060,0,1618800,0,2160
Oregon,2015,3,1000,0,3020,0,539600,0,720
Oregon,2015,4,250,0,755,0,134900,0,180
Oregon,2016,1,750,0,2235,0,388500,0,660
Oregon,2016,2,3000,0,8940,0,1554000,0,2640
Oregon,2016,3,1000,0,2980,0,518000,0,880
Oregon,2016,4,250,0,745,0,129500,0,220
Oregon,2017,1,1490,0,4590,0,924185,0,765
Oregon,2017,2,5960,0,18361,0,3696740,0,3060
Oregon,2017,3,1986,0,6120,0,1232246,0,1020
Oregon,2017,4,496,0,1530,0,308061,0,255
Oregon,2018,1,750,0,2310,0,488250,0,645
Oregon,2018,2,3000,0,9240,0,1953000,0,2580
Oregon,2018,3,1000,0,3080,0,651000,0,860
Oregon,2018,4,250,0,770,0,162750,0,215
Oregon,2019,1,750,0,2220,0,417600,0,525
Oregon,2019,2,3000,0,8880,0,1670400,0,2100
Oregon,2019,3,1000,0,2960,0,556800,0,700
Oregon,2019,4,250,0,740,0,139200,0,175
Oregon,2020,1,750,0,2205,0,413250,0,525
Oregon,2020,2,3000,0,8820,0,1653000,0,2100
Oregon,2020,3,1000,0,2940,0,551000,0,700
Oregon,2020,4,250,0,735,0,137750,0,175
Oregon,2021,1,750,0,2175,0,399900,0,615
Oregon,2021,2,3000,0,8700,0,1599600,0,2460
Oregon,2021,3,1000,0,2900,0,533200,0,820
Oregon,2021,4,250,0,725,0,133300,0,205
Oregon,2022,1,1404,0,4344,0,1166556,0,555
Oregon,2022,2,5616,0,17376,0,4666227,0,2220
Oregon,2022,3,1872,0,5792,0,1555409,0,740
Oregon,2022,4,468,0,1448,0,388852,0,185
Oregon,2023,1,1470,0,2085,0,499500,0,465
Oregon,2023,2,5880,0,8340,0,1998000,0,1860
Oregon,2023,3,1960,0,2780,0,666000,0,620
Oregon,2023,4,490,0,695,0,166500,0,155
Other States,2013,1,0,0,0,0,194250,0,0
Other States,2013,2,0,0,0,0,777000,0,0
Other States,2013,3,0,0,0,0,259000,0,0
Other States,2013,4,0,0,0,0,64750,0,0
Other States,2014,1,0,0,0,0,210600,0,0
Other States,2014,2,0,0,0,0,842400,0,0
Other States,2014,3,0,0,0,0,280800,0,0
Other States,2014,4,0,0,0,0,70200,0,0
Other States,2015,1,270,0,0,0,175200,0,0
Other States,2015,2,1080,0,0,0,700800,0,0
Other States,2015,3,360,0,0,0,233600,0,0
Other States,2015,4,90,0,0,0,58400,0,0
Other States,2022,1,0,0,0,1845,497400,0,0
Other States,2022,2,0,0,0,7380,1989600,0,0
Other States,2022,3,0,0,0,2460,663200,0,0
Other States,2022,4,0,0,0,615,165800,0,0
Pennsylvania,2002,1,3453,0,136,0,532946,0,0
Pennsylvania,2002,2,13812,0,544,0,2131784,0,0
Pennsylvania,2002,3,4604,0,181,0,710594,0,0
Pennsylvania,2002,4,1151,0,45,0,177648,0,0
Pennsylvania,2007,1,6238,0,248,0,361587,0,0
Pennsylvania,2007,2,24954,0,993,0,1446348,0,0
Pennsylvania,2007,3,8318,0,331,0,482116,0,0
Pennsylvania,2007,4,2079,0,82,0,120529,0,0
Pennsylvania,2008,1,3150,0,120,0,165600,0,0
Pennsylvania,2008,2,12600,0,480,0,662400,0,0
Pennsylvania,2008,3,4200,0,160,0,220800,0,0
Pennsylvania,2008,4,1050,0,40,0,55200,0,0
Pennsylvania,2009,1,3150,0,120,0,126000,0,0
Pennsylvania,2009,2,12600,0,480,0,504000,0,0
Pennsylvania,2009,3,4200,0,160,0,168000,0,0
Pennsylvania,2009,4,1050,0,40,0,42000,0,0
Pennsylvania,2010,1,3150,0,120,0,166500,0,0
Pennsylvania,2010,2,12600,0,480,0,666000,0,0
Pennsylvania,2010,3,4200,0,160,0,222000,0,0
Pennsylvania,2010,4,1050,0,40,0,55500,0,0
Pennsylvania,2011,1,3150,0,120,0,158400,0,0
Pennsylvania,2011,2,12600,0,480,0,633600,0,0
Pennsylvania,2011,3,4200,0,160,0,211200,0,0
Pennsylvania,2011,4,1050,0,40,0,52800,0,0
Pennsylvania,2012,1,5977,0,233,0,266953,0,0
Pennsylvania,2012,2,23908,0,933,0,1067813,0,0
Pennsylvania,2012,3,7969,0,311,0,355937,0,0
Pennsylvania,2012,4,1992,0,77,0,88984,0,0
Pennsylvania,2013,1,3000,0,120,0,87750,0,0
Pennsylvania,2013,2,12000,0,480,0,351000,0,0
Pennsylvania,2013,3,4000,0,160,0,117000,0,0
Pennsylvania,2013,4,1000,0,40,0,29250,0,0
Pennsylvania,2014,1,3000,0,120,0,117300,0,0
Pennsylvania,2014,2,12000,0,480,0,469200,0,0
Pennsylvania,2014,3,4000,0,160,0,156400,0,0
Pennsylvania,2014,4,1000,0,40,0,39100,0,0
Pennsylvania,2015,1,3000,0,120,0,135150,0,0
Pennsylvania,2015,2,12000,0,480,0,540600,0,0
Pennsylvania,2015,3,4000,0,160,0,180200,0,0
Pennsylvania,2015,4,1000,0,40,0,45050,0,0
Pennsylvania,2016,1,3000,0,0,0,142500,0,0
Pennsylvania,2016,2,12000,0,0,0,570000,0,0
Pennsylvania,2016,3,4000,0,0,0,190000,0,0
Pennsylvania,2016,4,1000,0,0,0,47500,0,0
Pennsylvania,2017,1,5894,0,113,0,232109,0,0
Pennsylvania,2017,2,23578,0,454,0,928436,0,0
Pennsylvania,2017,3,7859,0,151,0,309478,0,0
Pennsylvania,2017,4,1964,0,37,0,77369,0,0
Pennsylvania,2018,1,2925,0,0,0,125400,0,0
Pennsylvania,2018,2,11700,0,0,0,501600,0,0
Pennsylvania,2018,3,3900,0,0,0,167200,0,0
Pennsylvania,2018,4,975,0,0,0,41800,0,0
Pennsylvania,2019,1,2925,0,0,0,142500,0,0
Pennsylvania,2019,2,11700,0,0,0,570000,0,0
Pennsylvania,2019,3,3900,0,0,0,190000,0,0
Pennsylvania,2019,4,975,0,0,0,47500,0,0
Pennsylvania,2020,1,2925,0,0,0,136800,0,0
Pennsylvania,2020,2,11700,0,0,0,547200,0,0
Pennsylvania,2020,3,3900,0,0,0,182400,0,0
Pennsylvania,2020,4,975,0,0,0,45600,0,0
Pennsylvania,2021,1,2925,0,0,0,126000,0,0
Pennsylvania,2021,2,11700,0,0,0,504000,0,0
Pennsylvania,2021,3,3900,0,0,0,168000,0,0
Pennsylvania,2021,4,975,0,0,0,42000,0,0
Pennsylvania,2022,1,6270,0,118,0,423779,0,0
Pennsylvania,2022,2,25081,0,474,0,1695117,0,0
Pennsylvania,2022,3,8360,0,158,0,565039,0,0
Pennsylvania,2022,4,2090,0,39,0,141259,0,0
Pennsylvania,2023,1,2775,0,0,0,165000,0,0
Pennsylvania,2023,2,11100,0,0,0,660000,0,0
Pennsylvania,2023,3,3700,0,0,0,220000,0,0
Pennsylvania,2023,4,925,0,0,0,55000,0,0
Rhode Island,2002,1,39,0,0,0,2768,0,0
Rhode Island,2002,2,159,0,0,0,11074,0,0
Rhode Island,2002,3,53,0,0,0,3691,0,0
Rhode Island,2002,4,13,0,0,0,922,0,0
Rhode Island,2007,1,98,0,0,0,2566,0,0
Rhode Island,2007,2,392,0,0,0,10266,0,0
Rhode Island,2007,3,130,0,0,0,3422,0,0
Rhode Island,2007,4,32,0,0,0,855,0,0
Rhode Island,2008,1,45,0,0,0,0,0,0
Rhode Island,2008,2,180,0,0,0,0,0,0
Rhode Island,2008,3,60,0,0,0,0,0,0
Rhode Island,2008,4,15,0,0,0,0,0,0
Rhode Island,2009,1,45,0,0,0,0,0,0
Rhode Island,2009,2,180,0,0,0,0,0,0
Rhode Island,2009,3,60,0,0,0,0,0,0
Rhode Island,2009,4,15,0,0,0,0,0,0
Rhode Island,2010,1,45,0,0,0,0,0,0
Rhode Island,2010,2,180,0,0,0,0,0,0
Rhode Island,2010,3,60,0,0,0,0,0,0
Rhode Island,2010,4,15,0,0,0,0,0,0
Rhode Island,2011,1,45,0,0,0,0,0,0
Rhode Island,2011,2,180,0,0,0,0,0,0
Rhode Island,2011,3,60,0,0,0,0,0,0
Rhode Island,2011,4,15,0,0,0,0,0,0
Rhode Island,2012,1,78,0,0,0,3206,0,0
Rhode Island,2012,2,313,0,1,0,12827,0,0
Rhode Island,2012,3,104,0,0,0,4275,0,0
Rhode Island,2012,4,26,0,0,0,1068,0,0
Rhode Island,2013,1,33,0,0,0,0,0,0
Rhode Island,2013,2,132,0,0,0,0,0,0
Rhode Island,2013,3,44,0,0,0,0,0,0
Rhode Island,2013,4,11,0,0,0,0,0,0
Rhode Island,2014,1,34,0,0,0,0,0,0
Rhode Island,2014,2,138,0,0,0,0,0,0
Rhode Island,2014,3,46,0,0,0,0,0,0
Rhode Island,2014,4,11,0,0,0,0,0,0
Rhode Island,2015,1,34,0,0,0,0,0,0
Rhode Island,2015,2,138,0,0,0,0,0,0
Rhode Island,2015,3,46,0,0,0,0,0,0
Rhode Island,2015,4,11,0,0,0,0,0,0
Rhode Island,2017,1,29,0,0,0,8125,0,0
Rhode Island,2017,2,116,0,1,0,32503,0,0
Rhode Island,2017,3,38,0,0,0,10834,0,0
Rhode Island,2017,4,9,0,0,0,2708,0,0
Rhode Island,2022,1,23,0,1,0,10231,0,0
Rhode Island,2022,2,95,0,4,0,40924,0,0
Rhode Island,2022,3,31,0,1,0,13641,0,0
Rhode Island,2022,4,7,0,0,0,3410,0,0
South Carolina,2002,1,135,0,10,0,92676,0,180
South Carolina,2002,2,540,0,43,0,370707,0,720
South Carolina,2002,3,180,0,14,0,123569,0,240
South Carolina,2002,4,45,0,3,0,30892,0,60
South Carolina,2007,1,147,0,10,0,35149,0,165
South Carolina,2007,2,589,0,40,0,140599,0,660
South Carolina,2007,3,196,0,13,0,46866,0,220
South Carolina,2007,4,49,0,3,0,11716,0,55
South Carolina,2008,1,75,0,0,0,0,0,180
South Carolina,2008,2,300,0,0,0,0,0,720
South Carolina,2008,3,100,0,0,0,0,0,240
South Carolina,2008,4,25,0,0,0,0,0,60
South Carolina,2009,1,0,0,0,0,0,0,165
South Carolina,2009,2,0,0,0,0,0,0,660
South Carolina,2009,3,0,0,0,0,0,0,220
South Carolina,2009,4,0,0,0,0,0,0,55
South Carolina,2012,1,60,0,8,0,69168,0,180
South Carolina,2012,2,241,0,32,0,276673,0,720
South Carolina,2012,3,80,0,10,0,92224,0,240
South Carolina,2012,4,20,0,2,0,23056,0,60
South Carolina,2017,1,30,0,17,0,161529,0,0
South Carolina,2017,2,121,0,70,0,646119,0,0
South Carolina,2017,3,40,0,23,0,215373,0,0
South Carolina,2017,4,10,0,5,0,53843,0,0
South Carolina,2022,1,26,0,12,0,157346,0,0
South Carolina,2022,2,106,0,50,0,629384,0,0
South Carolina,2022,3,35,0,16,0,209794,0,0
South Carolina,2022,4,8,0,4,0,52448,0,0
South Dakota,2002,1,15,0,0,0,3126006,96000,0
South Dakota,2002,2,60,0,0,0,12504027,384000,0
South Dakota,2002,3,20,0,0,0,4168009,128000,0
South Dakota,2002,4,5,0,0,0,1042002,32000,0
South Dakota,2007,1,35,0,0,0,3996569,62250,0
South Dakota,2007,2,142,0,0,0,15986276,249000,0
South Dakota,2007,3,47,0,0,0,5328758,83000,0
South Dakota,2007,4,11,0,0,0,1332189,20750,0
South Dakota,2012,1,21,0,0,0,4853497,177750,0
South Dakota,2012,2,84,0,0,0,19413990,711000,0
South Dakota,2012,3,28,0,0,0,6471330,237000,0
South Dakota,2012,4,7,0,0,0,1617832,59250,0
South Dakota,2017,1,24,0,0,0,4122131,181050,0
South Dakota,2017,2,97,0,1,0,16488524,724200,0
South Dakota,2017,3,32,0,0,0,5496174,241400,0
South Dakota,2017,4,8,0,0,0,1374043,60350,0
South Dakota,2022,1,27,0,0,0,2252147,453600,0
South Dakota,2022,2,108,0,0,0,9008588,1814400,0
South Dakota,2022,3,36,0,0,0,3002862,604800,0
South Dakota,2022,4,9,0,0,0,750715,151200,0
Tennessee,2002,1,170,0,6,0,163631,0,210
Tennessee,2002,2,682,0,26,0,654525,0,840
Tennessee,2002,3,227,0,8,0,218175,0,280
Tennessee,2002,4,56,0,2,0,54543,0,70
Tennessee,2007,1,309,0,8,0,149813,0,165
Tennessee,2007,2,1237,0,33,0,599254,0,660
Tennessee,2007,3,412,0,11,0,199751,0,220
Tennessee,2007,4,103,0,2,0,49937,0,55
Tennessee,2008,1,135,0,0,0,64050,0,165
Tennessee,2008,2,540,0,0,0,256200,0,660
Tennessee,2008,3,180,0,0,0,85400,0,220
Tennessee,2008,4,45,0,0,0,21350,0,55
Tennessee,2009,1,120,0,0,0,53550,0,150
Tennessee,2009,2,480,0,0,0,214200,0,600
Tennessee,2009,3,160,0,0,0,71400,0,200
Tennessee,2009,4,40,0,0,0,17850,0,50
Tennessee,2010,1,120,0,0,0,75600,0,135
Tennessee,2010,2,480,0,0,0,302400,0,540
Tennessee,2010,3,160,0,0,0,100800,0,180
Tennessee,2010,4,40,0,0,0,25200,0,45
Tennessee,2011,1,120,0,0,0,46200,0,105
Tennessee,2011,2,480,0,0,0,184800,0,420
Tennessee,2011,3,160,0,0,0,61600,0,140
Tennessee,2011,4,40,0,0,0,15400,0,35
Tennessee,2012,1,206,0,12,0,127179,0,120
Tennessee,2012,2,825,0,50,0,508717,0,480
Tennessee,2012,3,275,0,16,0,169572,0,160
Tennessee,2012,4,68,0,4,0,42393,0,40
Tennessee,2013,1,97,0,0,0,47250,0,105
Tennessee,2013,2,390,0,0,0,189000,0,420
Tennessee,2013,3,130,0,0,0,63000,0,140
Tennessee,2013,4,32,0,0,0,15750,0,35
Tennessee,2014,1,97,0,0,0,66150,0,127
Tennessee,2014,2,390,0,0,0,264600,0,510
Tennessee,2014,3,130,0,0,0,88200,0,170
Tennessee,2014,4,32,0,0,0,22050,0,42
Tennessee,2015,1,97,0,0,0,61950,0,97
Tennessee,2015,2,390,0,0,0,247800,0,390
Tennessee,2015,3,130,0,0,0,82600,0,130
Tennessee,2015,4,32,0,0,0,20650,0,32
Tennessee,2016,1,0,0,0,0,49500,0,0
Tennessee,2016,2,0,0,0,0,198000,0,0
Tennessee,2016,3,0,0,0,0,66000,0,0
Tennessee,2016,4,0,0,0,0,16500,0,0
Tennessee,2017,1,132,0,0,0,121657,0,0
Tennessee,2017,2,531,0,0,0,486630,0,0
Tennessee,2017,3,177,0,0,0,162210,0,0
Tennessee,2017,4,44,0,0,0,40552,0,0
Tennessee,2022,1,106,0,16,0,169686,0,0
Tennessee,2022,2,426,0,67,0,678744,0,0
Tennessee,2022,3,142,0,22,0,226248,0,0
Tennessee,2022,4,35,0,5,0,56562,0,0
Texas,2002,1,60,0,57,0,2068828,5250,240
Texas,2002,2,243,0,229,0,8275314,21000,960
Texas,2002,3,81,0,76,0,2758438,7000,320
Texas,2002,4,20,0,19,0,689609,1750,80
Texas,2007,1,41,5,59,0,2574745,6300,225
Texas,2007,2,166,21,238,0,10298982,25200,900
Texas,2007,3,55,7,79,0,3432994,8400,300
Texas,2007,4,13,1,19,0,858248,2100,75
Texas,2012,1,32,5,74,0,1661494,28500,300
Texas,2012,2,130,22,298,0,6645979,114000,1200
Texas,2012,3,43,7,99,0,2215326,38000,400
Texas,2012,4,10,1,24,0,553831,9500,100
Texas,2017,1,34,1,31,1005,2041386,10650,285
Texas,2017,2,139,7,124,4020,8165544,42600,1140
Texas,2017,3,46,2,41,1340,2721848,14200,380
Texas,2017,4,11,0,10,335,680462,3550,95
Texas,2022,1,47,0,37,0,2522793,32250,0
Texas,2022,2,190,1,150,0,10091173,129000,0
Texas,2022,3,63,0,50,0,3363724,43000,0
Texas,2022,4,15,0,12,0,840931,10750,0
Utah,2002,1,249,0,16,0,360135,0,0
Utah,2002,2,999,0,67,0,1440541,0,0
Utah,2002,3,333,0,22,0,480180,0,0
Utah,2002,4,83,0,5,0,120045,0,0
Utah,2007,1,422,0,36,0,376869,0,0
Utah,2007,2,1689,0,147,0,1507476,0,0
Utah,2007,3,563,0,49,0,502492,0,0
Utah,2007,4,140,0,12,0,125623,0,0
Utah,2008,1,210,0,18,0,201600,0,0
Utah,2008,2,840,0,72,0,806400,0,0
Utah,2008,3,280,0,24,0,268800,0,0
Utah,2008,4,70,0,6,0,67200,0,0
Utah,2009,1,210,0,0,0,148200,0,0
Utah,2009,2,840,0,0,0,592800,0,0
Utah,2009,3,280,0,0,0,197600,0,0
Utah,2009,4,70,0,0,0,49400,0,0
Utah,2010,1,210,0,0,0,117000,0,0
Utah,2010,2,840,0,0,0,468000,0,0
Utah,2010,3,280,0,0,0,156000,0,0
Utah,2010,4,70,0,0,0,39000,0,0
Utah,2011,1,210,0,0,0,134550,0,0
Utah,2011,2,840,0,0,0,538200,0,0
Utah,2011,3,280,0,0,0,179400,0,0
Utah,2011,4,70,0,0,0,44850,0,0
Utah,2012,1,399,0,14,0,278145,0,0
Utah,2012,2,1599,0,57,0,1112582,0,0
Utah,2012,3,533,0,19,0,370860,0,0
Utah,2012,4,133,0,4,0,92715,0,0
Utah,2013,1,195,0,0,0,153000,0,0
Utah,2013,2,780,0,0,0,612000,0,0
Utah,2013,3,260,0,0,0,204000,0,0
Utah,2013,4,65,0,0,0,51000,0,0
Utah,2014,1,195,0,0,0,121800,0,0
Utah,2014,2,780,0,0,0,487200,0,0
Utah,2014,3,260,0,0,0,162400,0,0
Utah,2014,4,65,0,0,0,40600,0,0
Utah,2015,1,180,0,0,0,170100,0,0
Utah,2015,2,720,0,0,0,680400,0,0
Utah,2015,3,240,0,0,0,226800,0,0
Utah,2015,4,60,0,0,0,56700,0,0
Utah,2016,1,0,0,0,0,148800,0,0
Utah,2016,2,0,0,0,0,595200,0,0
Utah,2016,3,0,0,0,0,198400,0,0
Utah,2016,4,0,0,0,0,49600,0,0
Utah,2017,1,152,0,13,0,267116,0,0
Utah,2017,2,610,0,54,0,1068464,0,0
Utah,2017,3,203,0,18,0,356154,0,0
Utah,2017,4,50,0,4,0,89038,0,0
Utah,2022,1,138,0,12,0,333485,0,0
Utah,2022,2,555,0,49,0,1333941,0,0
Utah,2022,3,185,0,16,0,444647,0,0
Utah,2022,4,46,0,4,0,111161,0,0
Vermont,2002,1,423,0,2,0,178817,0,0
Vermont,2002,2,1695,0,9,0,715268,0,0
Vermont,2002,3,565,0,3,0,238422,0,0
Vermont,2002,4,141,0,0,0,59605,0,0
Vermont,2007,1,840,0,0,0,102257,0,0
Vermont,2007,2,3363,0,0,0,409029,0,0
Vermont,2007,3,1121,0,0,0,136343,0,0
Vermont,2007,4,280,0,0,0,34085,0,0
Vermont,2008,1,375,0,0,0,49500,0,0
Vermont,2008,2,1500,0,0,0,198000,0,0
Vermont,2008,3,500,0,0,0,66000,0,0
Vermont,2008,4,125,0,0,0,16500,0,0
Vermont,2009,1,345,0,0,0,36750,0,0
Vermont,2009,2,1380,0,0,0,147000,0,0
Vermont,2009,3,460,0,0,0,49000,0,0
Vermont,2009,4,115,0,0,0,12250,0,0
Vermont,2010,1,315,0,0,0,39000,0,0
Vermont,2010,2,1260,0,0,0,156000,0,0
Vermont,2010,3,420,0,0,0,52000,0,0
Vermont,2010,4,105,0,0,0,13000,0,0
Vermont,2011,1,285,0,0,0,25800,0,0
Vermont,2011,2,1140,0,0,0,103200,0,0
Vermont,2011,3,380,0,0,0,34400,0,0
Vermont,2011,4,95,0,0,0,8600,0,0
Vermont,2012,1,497,0,4,0,99447,0,0
Vermont,2012,2,1990,0,16,0,397789,0,0
Vermont,2012,3,663,0,5,0,132596,0,0
Vermont,2012,4,165,0,1,0,33149,0,0
Vermont,2013,1,240,0,0,0,30600,0,0
Vermont,2013,2,960,0,0,0,122400,0,0
Vermont,2013,3,320,0,0,0,40800,0,0
Vermont,2013,4,80,0,0,0,10200,0,0
Vermont,2014,1,255,0,0,0,34800,0,0
Vermont,2014,2,1020,0,0,0,139200,0,0
Vermont,2014,3,340,0,0,0,46400,0,0
Vermont,2014,4,85,0,0,0,11600,0,0
Vermont,2015,1,270,0,0,0,39000,0,0
Vermont,2015,2,1080,0,0,0,156000,0,0
Vermont,2015,3,360,0,0,0,52000,0,0
Vermont,2015,4,90,0,0,0,13000,0,0
Vermont,2016,1,285,0,0,0,46800,0,0
Vermont,2016,2,1140,0,0,0,187200,0,0
Vermont,2016,3,380,0,0,0,62400,0,0
Vermont,2016,4,95,0,0,0,15600,0,0
Vermont,2017,1,643,0,3,0,122171,0,0
Vermont,2017,2,2574,0,13,0,488685,0,0
Vermont,2017,3,858,0,4,0,162895,0,0
Vermont,2017,4,214,0,1,0,40723,0,0
Vermont,2022,1,338,0,3,0,127123,0,0
Vermont,2022,2,1354,0,14,0,508494,0,0
Vermont,2022,3,451,0,4,0,169498,0,0
Vermont,2022,4,112,0,1,0,42374,0,0
Virginia,2002,1,2437,0,32,0,107769,0,0
Virginia,2002,2,9749,0,131,0,431078,0,0
Virginia,2002,3,3249,0,43,0,143692,0,0
Virginia,2002,4,812,0,10,0,35923,0,0
Virginia,2007,1,3692,0,19,0,86514,0,0
Virginia,2007,2,14771,0,76,0,346057,0,0
Virginia,2007,3,4923,0,25,0,115352,0,0
Virginia,2007,4,1230,0,6,0,28838,0,0
Virginia,2008,1,1800,0,0,0,37800,0,0
Virginia,2008,2,7200,0,0,0,151200,0,0
Virginia,2008,3,2400,0,0,0,50400,0,0
Virginia,2008,4,600,0,0,0,12600,0,0
Virginia,2009,1,1770,0,0,0,35100,0,0
Virginia,2009,2,7080,0,0,0,140400,0,0
Virginia,2009,3,2360,0,0,0,46800,0,0
Virginia,2009,4,590,0,0,0,11700,0,0
Virginia,2010,1,1740,0,0,0,27750,0,0
Virginia,2010,2,6960,0,0,0,111000,0,0
Virginia,2010,3,2320,0,0,0,37000,0,0
Virginia,2010,4,580,0,0,0,9250,0,0
Virginia,2011,1,1710,0,0,0,24000,0,0
Virginia,2011,2,6840,0,0,0,96000,0,0
Virginia,2011,3,2280,0,0,0,32000,0,0
Virginia,2011,4,570,0,0,0,8000,0,0
Virginia,2012,1,3233,0,13,0,72158,0,0
Virginia,2012,2,12934,0,54,0,288634,0,0
Virginia,2012,3,4311,0,18,0,96211,0,0
Virginia,2012,4,1077,0,4,0,24052,0,0
Virginia,2013,1,1605,0,0,0,26250,0,0
Virginia,2013,2,6420,0,0,0,105000,0,0
Virginia,2013,3,2140,0,0,0,35000,0,0
Virginia,2013,4,535,0,0,0,8750,0,0
Virginia,2014,1,1560,0,0,0,34200,0,0
Virginia,2014,2,6240,0,0,0,136800,0,0
Virginia,2014,3,2080,0,0,0,45600,0,0
Virginia,2014,4,520,0,0,0,11400,0,0
Virginia,2015,1,1530,0,0,0,27750,0,0
Virginia,2015,2,6120,0,0,0,111000,0,0
Virginia,2015,3,2040,0,0,0,37000,0,0
Virginia,2015,4,510,0,0,0,9250,0,0
Virginia,2016,1,1545,0,0,0,28500,0,0
Virginia,2016,2,6180,0,0,0,114000,0,0
Virginia,2016,3,2060,0,0,0,38000,0,0
Virginia,2016,4,515,0,0,0,9500,0,0
Virginia,2017,1,2858,0,36,0,73740,0,0
Virginia,2017,2,11433,0,146,0,294963,0,0
Virginia,2017,3,3811,0,48,0,98321,0,0
Virginia,2017,4,952,0,12,0,24580,0,0
Virginia,2018,1,1455,0,0,0,24000,0,0
Virginia,2018,2,5820,0,0,0,96000,0,0
Virginia,2018,3,1940,0,0,0,32000,0,0
Virginia,2018,4,485,0,0,0,8000,0,0
Virginia,2019,1,1425,0,0,0,29250,0,0
Virginia,2019,2,5700,0,0,0,117000,0,0
Virginia,2019,3,1900,0,0,0,39000,0,0
Virginia,2019,4,475,0,0,0,9750,0,0
Virginia,2020,1,1425,0,0,0,30000,0,0
Virginia,2020,2,5700,0,0,0,120000,0,0
Virginia,2020,3,1900,0,0,0,40000,0,0
Virginia,2020,4,475,0,0,0,10000,0,0
Virginia,2021,1,1425,0,0,0,36000,0,0
Virginia,2021,2,5700,0,0,0,144000,0,0
Virginia,2021,3,1900,0,0,0,48000,0,0
Virginia,2021,4,475,0,0,0,12000,0,0
Virginia,2022,1,2943,0,33,0,115019,0,0
Virginia,2022,2,11775,0,135,0,460078,0,0
Virginia,2022,3,3925,0,45,0,153359,0,0
Virginia,2022,4,981,0,11,0,38339,0,0
Virginia,2023,1,1440,0,0,0,29250,0,0
Virginia,2023,2,5760,0,0,0,117000,0,0
Virginia,2023,3,1920,0,0,0,39000,0,0
Virginia,2023,4,480,0,0,0,9750,0,0
Washington,2002,1,22836,0,4113,0,749916,0,0
Washington,2002,2,91344,0,16454,0,2999666,0,0
Washington,2002,3,30448,0,5484,0,999888,0,0
Washington,2002,4,7612,0,1371,0,249972,0,0
Washington,2007,1,45800,0,7188,0,696796,0,0
Washington,2007,2,183200,0,28754,0,2787186,0,0
Washington,2007,3,61066,0,9584,0,929062,0,0
Washington,2007,4,15266,0,2396,0,232265,0,0
Washington,2008,1,22950,0,3600,0,323400,0,0
Washington,2008,2,91800,0,14400,0,1293600,0,0
Washington,2008,3,30600,0,4800,0,431200,0,0
Washington,2008,4,7650,0,1200,0,107800,0,0
Washington,2009,1,22950,0,3600,0,409200,0,0
Washington,2009,2,91800,0,14400,0,1636800,0,0
Washington,2009,3,30600,0,4800,0,545600,0,0
Washington,2009,4,7650,0,1200,0,136400,0,0
Washington,2010,1,22500,0,3450,0,394050,0,0
Washington,2010,2,90000,0,13800,0,1576200,0,0
Washington,2010,3,30000,0,4600,0,525400,0,0
Washington,2010,4,7500,0,1150,0,131350,0,0
Washington,2011,1,22200,0,3225,0,404700,0,0
Washington,2011,2,88800,0,12900,0,1618800,0,0
Washington,2011,3,29600,0,4300,0,539600,0,0
Washington,2011,4,7400,0,1075,0,134900,0,0
Washington,2012,1,45619,0,6286,0,721387,0,0
Washington,2012,2,182477,0,25146,0,2885551,0,0
Washington,2012,3,60825,0,8382,0,961850,0,0
Washington,2012,4,15206,0,2095,0,240462,0,0
Washington,2013,1,22950,0,3135,0,403650,0,0
Washington,2013,2,91800,0,12540,0,1614600,0,0
Washington,2013,3,30600,0,4180,0,538200,0,0
Washington,2013,4,7650,0,1045,0,134550,0,0
Washington,2014,1,23700,0,3195,0,448800,0,0
Washington,2014,2,94800,0,12780,0,1795200,0,0
Washington,2014,3,31600,0,4260,0,598400,0,0
Washington,2014,4,7900,0,1065,0,149600,0,0
Washington,2015,1,24150,0,3120,0,481800,0,0
Washington,2015,2,96600,0,12480,0,1927200,0,0
Washington,2015,3,32200,0,4160,0,642400,0,0
Washington,2015,4,8050,0,1040,0,160600,0,0
Washington,2016,1,24750,0,3120,0,441000,0,0
Washington,2016,2,99000,0,12480,0,1764000,0,0
Washington,2016,3,33000,0,4160,0,588000,0,0
Washington,2016,4,8250,0,1040,0,147000,0,0
Washington,2017,1,48493,0,6124,0,950983,0,0
Washington,2017,2,193974,0,24499,0,3803935,0,0
Washington,2017,3,64658,0,8166,0,1267978,0,0
Washington,2017,4,16164,0,2041,0,316994,0,0
Washington,2018,1,25500,0,3030,0,496650,0,0
Washington,2018,2,102000,0,12120,0,1986600,0,0
Washington,2018,3,34000,0,4040,0,662200,0,0
Washington,2018,4,8500,0,1010,0,165550,0,0
Washington,2019,1,25800,0,3000,0,425250,0,0
Washington,2019,2,103200,0,12000,0,1701000,0,0
Washington,2019,3,34400,0,4000,0,567000,0,0
Washington,2019,4,8600,0,1000,0,141750,0,0
Washington,2020,1,26250,0,2940,0,543900,0,0
Washington,2020,2,105000,0,11760,0,2175600,0,0
Washington,2020,3,35000,0,3920,0,725200,0,0
Washington,2020,4,8750,0,980,0,181300,0,0
Washington,2021,1,25800,0,2745,0,460800,0,0
Washington,2021,2,103200,0,10980,0,1843200,0,0
Washington,2021,3,34400,0,3660,0,614400,0,0
Washington,2021,4,8600,0,915,0,153600,0,0
Washington,2022,1,51655,0,5209,0,921033,0,0
Washington,2022,2,206623,0,20836,0,3684135,0,0
Washington,2022,3,68874,0,6945,0,1228045,0,0
Washington,2022,4,17218,0,1736,0,307011,0,0
Washington,2023,1,51450,0,2460,0,336150,0,0
Washington,2023,2,205800,0,9840,0,1344600,0,0
Washington,2023,3,68600,0,3280,0,448200,0,0
Washington,2023,4,17150,0,820,0,112050,0,0
West Virginia,2002,1,954,0,23,0,115383,0,0
West Virginia,2002,2,3819,0,93,0,461535,0,0
West Virginia,2002,3,1273,0,31,0,153845,0,0
West Virginia,2002,4,318,0,7,0,38461,0,0
West Virginia,2007,1,1413,0,16,0,91377,0,0
West Virginia,2007,2,5654,0,64,0,365510,0,0
West Virginia,2007,3,1884,0,21,0,121836,0,0
West Virginia,2007,4,471,0,5,0,30459,0,0
West Virginia,2008,1,750,0,0,0,38700,0,0
West Virginia,2008,2,3000,0,0,0,154800,0,0
West Virginia,2008,3,1000,0,0,0,51600,0,0
West Virginia,2008,4,250,0,0,0,12900,0,0
West Virginia,2009,1,735,0,0,0,27750,0,0
West Virginia,2009,2,2940,0,0,0,111000,0,0
West Virginia,2009,3,980,0,0,0,37000,0,0
West Virginia,2009,4,245,0,0,0,9250,0,0
West Virginia,2010,1,735,0,0,0,30000,0,0
West Virginia,2010,2,2940,0,0,0,120000,0,0
West Virginia,2010,3,980,0,0,0,40000,0,0
West Virginia,2010,4,245,0,0,0,10000,0,0
West Virginia,2011,1,675,0,0,0,31800,0,0
West Virginia,2011,2,2700,0,0,0,127200,0,0
West Virginia,2011,3,900,0,0,0,42400,0,0
West Virginia,2011,4,225,0,0,0,10600,0,0
West Virginia,2012,1,1267,0,15,0,92107,0,0
West Virginia,2012,2,5070,0,60,0,368428,0,0
West Virginia,2012,3,1690,0,20,0,122809,0,0
West Virginia,2012,4,422,0,5,0,30702,0,0
West Virginia,2013,1,645,0,0,0,41400,0,0
West Virginia,2013,2,2580,0,0,0,165600,0,0
West Virginia,2013,3,860,0,0,0,55200,0,0
West Virginia,2013,4,215,0,0,0,13800,0,0
West Virginia,2014,1,660,0,0,0,27900,0,0
West Virginia,2014,2,2640,0,0,0,111600,0,0
West Virginia,2014,3,880,0,0,0,37200,0,0
West Virginia,2014,4,220,0,0,0,9300,0,0
West Virginia,2015,1,675,0,0,0,26250,0,0
West Virginia,2015,2,2700,0,0,0,105000,0,0
West Virginia,2015,3,900,0,0,0,35000,0,0
West Virginia,2015,4,225,0,0,0,8750,0,0
West Virginia,2016,1,690,0,0,0,24000,0,0
West Virginia,2016,2,2760,0,0,0,96000,0,0
West Virginia,2016,3,920,0,0,0,32000,0,0
West Virginia,2016,4,230,0,0,0,8000,0,0
West Virginia,2017,1,1247,0,25,0,85519,0,0
West Virginia,2017,2,4989,0,103,0,342076,0,0
West Virginia,2017,3,1663,0,34,0,114025,0,0
West Virginia,2017,4,415,0,8,0,28506,0,0
West Virginia,2022,1,393,0,33,0,95761,0,0
West Virginia,2022,2,1573,0,135,0,383046,0,0
West Virginia,2022,3,524,0,45,0,127682,0,0
West Virginia,2022,4,131,0,11,0,31920,0,0
Wisconsin,2002,1,842,0,8,0,1835076,0,0
Wisconsin,2002,2,3370,0,34,0,7340306,0,0
Wisconsin,2002,3,1123,0,11,0,2446768,0,0
Wisconsin,2002,4,280,0,2,0,611692,0,0
Wisconsin,2007,1,1490,0,10,0,1381128,0,0
Wisconsin,2007,2,5961,0,40,0,5524513,0,0
Wisconsin,2007,3,1987,0,13,0,1841504,0,0
Wisconsin,2007,4,496,0,3,0,460376,0,0
Wisconsin,2008,1,705,0,0,0,696000,0,0
Wisconsin,2008,2,2820,0,0,0,2784000,0,0
Wisconsin,2008,3,940,0,0,0,928000,0,0
Wisconsin,2008,4,235,0,0,0,232000,0,0
Wisconsin,2009,1,690,0,0,0,567000,0,0
Wisconsin,2009,2,2760,0,0,0,2268000,0,0
Wisconsin,2009,3,920,0,0,0,756000,0,0
Wisconsin,2009,4,230,0,0,0,189000,0,0
Wisconsin,2010,1,690,0,0,0,614400,0,0
Wisconsin,2010,2,2760,0,0,0,2457600,0,0
Wisconsin,2010,3,920,0,0,0,819200,0,0
Wisconsin,2010,4,230,0,0,0,204800,0,0
Wisconsin,2011,1,675,0,0,0,538650,0,0
Wisconsin,2011,2,2700,0,0,0,2154600,0,0
Wisconsin,2011,3,900,0,0,0,718200,0,0
Wisconsin,2011,4,225,0,0,0,179550,0,0
Wisconsin,2012,1,1317,0,10,0,1267284,0,0
Wisconsin,2012,2,5270,0,43,0,5069136,0,0
Wisconsin,2012,3,1756,0,14,0,1689712,0,0
Wisconsin,2012,4,439,0,3,0,422428,0,0
Wisconsin,2013,1,600,0,0,0,531000,0,0
Wisconsin,2013,2,2400,0,0,0,2124000,0,0
Wisconsin,2013,3,800,0,0,0,708000,0,0
Wisconsin,2013,4,200,0,0,0,177000,0,0
Wisconsin,2014,1,600,0,0,0,429300,0,0
Wisconsin,2014,2,2400,0,0,0,1717200,0,0
Wisconsin,2014,3,800,0,0,0,572400,0,0
Wisconsin,2014,4,200,0,0,0,143100,0,0
Wisconsin,2015,1,600,0,0,0,522600,0,0
Wisconsin,2015,2,2400,0,0,0,2090400,0,0
Wisconsin,2015,3,800,0,0,0,696800,0,0
Wisconsin,2015,4,200,0,0,0,174200,0,0
Wisconsin,2016,1,600,0,0,945,502200,0,0
Wisconsin,2016,2,2400,0,0,3780,2008800,0,0
Wisconsin,2016,3,800,0,0,1260,669600,0,0
Wisconsin,2016,4,200,0,0,315,167400,0,0
Wisconsin,2017,1,1165,0,9,915,890673,0,0
Wisconsin,2017,2,4662,0,39,3660,3562695,0,0
Wisconsin,2017,3,1554,0,13,1220,1187565,0,0
Wisconsin,2017,4,388,0,3,305,296891,0,0
Wisconsin,2022,1,698,0,16,0,836398,0,0
Wisconsin,2022,2,2793,0,66,0,3345594,0,0
Wisconsin,2022,3,931,0,22,0,1115198,0,0
Wisconsin,2022,4,232,0,5,0,278799,0,0
Wyoming,2002,1,0,0,0,0,651839,0,0
Wyoming,2002,2,0,0,0,0,2607357,0,0
Wyoming,2002,3,0,0,0,0,869119,0,0
Wyoming,2002,4,0,0,0,0,217279,0,0
Wyoming,2007,1,6,0,0,0,1060222,0,0
Wyoming,2007,2,26,0,0,0,4240888,0,0
Wyoming,2007,3,8,0,0,0,1413629,0,0
Wyoming,2007,4,2,0,0,0,353407,0,0
Wyoming,2012,1,4,0,0,0,837741,0,0
Wyoming,2012,2,19,0,0,0,3350964,0,0
Wyoming,2012,3,6,0,0,0,1116988,0,0
Wyoming,2012,4,1,0,0,0,279247,0,0
Wyoming,2017,1,5,0,0,0,564644,0,0
Wyoming,2017,2,23,0,0,0,2258577,0,0
Wyoming,2017,3,7,0,0,0,752859,0,0
Wyoming,2017,4,1,0,0,0,188214,0,0
Wyoming,2022,1,7,0,0,0,386214,0,0
Wyoming,2022,2,30,0,0,0,1544857,0,0
Wyoming,2022,3,10,0,0,0,514952,0,0
Wyoming,2022,4,2,0,0,0,128738,0,0
